module,rank,record id,file name,mount pt,fs type,HEATMAP_F_BIN_WIDTH_SECONDS,HEATMAP_READ_BIN_0,HEATMAP_READ_BIN_1,HEATMAP_READ_BIN_10,HEATMAP_READ_BIN_100,HEATMAP_READ_BIN_101,HEATMAP_READ_BIN_102,HEATMAP_READ_BIN_103,HEATMAP_READ_BIN_104,HEATMAP_READ_BIN_105,HEATMAP_READ_BIN_106,HEATMAP_READ_BIN_107,HEATMAP_READ_BIN_108,HEATMAP_READ_BIN_109,HEATMAP_READ_BIN_11,HEATMAP_READ_BIN_110,HEATMAP_READ_BIN_111,HEATMAP_READ_BIN_112,HEATMAP_READ_BIN_113,HEATMAP_READ_BIN_12,HEATMAP_READ_BIN_13,HEATMAP_READ_BIN_14,HEATMAP_READ_BIN_15,HEATMAP_READ_BIN_16,HEATMAP_READ_BIN_17,HEATMAP_READ_BIN_18,HEATMAP_READ_BIN_19,HEATMAP_READ_BIN_2,HEATMAP_READ_BIN_20,HEATMAP_READ_BIN_21,HEATMAP_READ_BIN_22,HEATMAP_READ_BIN_23,HEATMAP_READ_BIN_24,HEATMAP_READ_BIN_25,HEATMAP_READ_BIN_26,HEATMAP_READ_BIN_27,HEATMAP_READ_BIN_28,HEATMAP_READ_BIN_29,HEATMAP_READ_BIN_3,HEATMAP_READ_BIN_30,HEATMAP_READ_BIN_31,HEATMAP_READ_BIN_32,HEATMAP_READ_BIN_33,HEATMAP_READ_BIN_34,HEATMAP_READ_BIN_35,HEATMAP_READ_BIN_36,HEATMAP_READ_BIN_37,HEATMAP_READ_BIN_38,HEATMAP_READ_BIN_39,HEATMAP_READ_BIN_4,HEATMAP_READ_BIN_40,HEATMAP_READ_BIN_41,HEATMAP_READ_BIN_42,HEATMAP_READ_BIN_43,HEATMAP_READ_BIN_44,HEATMAP_READ_BIN_45,HEATMAP_READ_BIN_46,HEATMAP_READ_BIN_47,HEATMAP_READ_BIN_48,HEATMAP_READ_BIN_49,HEATMAP_READ_BIN_5,HEATMAP_READ_BIN_50,HEATMAP_READ_BIN_51,HEATMAP_READ_BIN_52,HEATMAP_READ_BIN_53,HEATMAP_READ_BIN_54,HEATMAP_READ_BIN_55,HEATMAP_READ_BIN_56,HEATMAP_READ_BIN_57,HEATMAP_READ_BIN_58,HEATMAP_READ_BIN_59,HEATMAP_READ_BIN_6,HEATMAP_READ_BIN_60,HEATMAP_READ_BIN_61,HEATMAP_READ_BIN_62,HEATMAP_READ_BIN_63,HEATMAP_READ_BIN_64,HEATMAP_READ_BIN_65,HEATMAP_READ_BIN_66,HEATMAP_READ_BIN_67,HEATMAP_READ_BIN_68,HEATMAP_READ_BIN_69,HEATMAP_READ_BIN_7,HEATMAP_READ_BIN_70,HEATMAP_READ_BIN_71,HEATMAP_READ_BIN_72,HEATMAP_READ_BIN_73,HEATMAP_READ_BIN_74,HEATMAP_READ_BIN_75,HEATMAP_READ_BIN_76,HEATMAP_READ_BIN_77,HEATMAP_READ_BIN_78,HEATMAP_READ_BIN_79,HEATMAP_READ_BIN_8,HEATMAP_READ_BIN_80,HEATMAP_READ_BIN_81,HEATMAP_READ_BIN_82,HEATMAP_READ_BIN_83,HEATMAP_READ_BIN_84,HEATMAP_READ_BIN_85,HEATMAP_READ_BIN_86,HEATMAP_READ_BIN_87,HEATMAP_READ_BIN_88,HEATMAP_READ_BIN_89,HEATMAP_READ_BIN_9,HEATMAP_READ_BIN_90,HEATMAP_READ_BIN_91,HEATMAP_READ_BIN_92,HEATMAP_READ_BIN_93,HEATMAP_READ_BIN_94,HEATMAP_READ_BIN_95,HEATMAP_READ_BIN_96,HEATMAP_READ_BIN_97,HEATMAP_READ_BIN_98,HEATMAP_READ_BIN_99,HEATMAP_WRITE_BIN_0,HEATMAP_WRITE_BIN_1,HEATMAP_WRITE_BIN_10,HEATMAP_WRITE_BIN_100,HEATMAP_WRITE_BIN_101,HEATMAP_WRITE_BIN_102,HEATMAP_WRITE_BIN_103,HEATMAP_WRITE_BIN_104,HEATMAP_WRITE_BIN_105,HEATMAP_WRITE_BIN_106,HEATMAP_WRITE_BIN_107,HEATMAP_WRITE_BIN_108,HEATMAP_WRITE_BIN_109,HEATMAP_WRITE_BIN_11,HEATMAP_WRITE_BIN_110,HEATMAP_WRITE_BIN_111,HEATMAP_WRITE_BIN_112,HEATMAP_WRITE_BIN_113,HEATMAP_WRITE_BIN_12,HEATMAP_WRITE_BIN_13,HEATMAP_WRITE_BIN_14,HEATMAP_WRITE_BIN_15,HEATMAP_WRITE_BIN_16,HEATMAP_WRITE_BIN_17,HEATMAP_WRITE_BIN_18,HEATMAP_WRITE_BIN_19,HEATMAP_WRITE_BIN_2,HEATMAP_WRITE_BIN_20,HEATMAP_WRITE_BIN_21,HEATMAP_WRITE_BIN_22,HEATMAP_WRITE_BIN_23,HEATMAP_WRITE_BIN_24,HEATMAP_WRITE_BIN_25,HEATMAP_WRITE_BIN_26,HEATMAP_WRITE_BIN_27,HEATMAP_WRITE_BIN_28,HEATMAP_WRITE_BIN_29,HEATMAP_WRITE_BIN_3,HEATMAP_WRITE_BIN_30,HEATMAP_WRITE_BIN_31,HEATMAP_WRITE_BIN_32,HEATMAP_WRITE_BIN_33,HEATMAP_WRITE_BIN_34,HEATMAP_WRITE_BIN_35,HEATMAP_WRITE_BIN_36,HEATMAP_WRITE_BIN_37,HEATMAP_WRITE_BIN_38,HEATMAP_WRITE_BIN_39,HEATMAP_WRITE_BIN_4,HEATMAP_WRITE_BIN_40,HEATMAP_WRITE_BIN_41,HEATMAP_WRITE_BIN_42,HEATMAP_WRITE_BIN_43,HEATMAP_WRITE_BIN_44,HEATMAP_WRITE_BIN_45,HEATMAP_WRITE_BIN_46,HEATMAP_WRITE_BIN_47,HEATMAP_WRITE_BIN_48,HEATMAP_WRITE_BIN_49,HEATMAP_WRITE_BIN_5,HEATMAP_WRITE_BIN_50,HEATMAP_WRITE_BIN_51,HEATMAP_WRITE_BIN_52,HEATMAP_WRITE_BIN_53,HEATMAP_WRITE_BIN_54,HEATMAP_WRITE_BIN_55,HEATMAP_WRITE_BIN_56,HEATMAP_WRITE_BIN_57,HEATMAP_WRITE_BIN_58,HEATMAP_WRITE_BIN_59,HEATMAP_WRITE_BIN_6,HEATMAP_WRITE_BIN_60,HEATMAP_WRITE_BIN_61,HEATMAP_WRITE_BIN_62,HEATMAP_WRITE_BIN_63,HEATMAP_WRITE_BIN_64,HEATMAP_WRITE_BIN_65,HEATMAP_WRITE_BIN_66,HEATMAP_WRITE_BIN_67,HEATMAP_WRITE_BIN_68,HEATMAP_WRITE_BIN_69,HEATMAP_WRITE_BIN_7,HEATMAP_WRITE_BIN_70,HEATMAP_WRITE_BIN_71,HEATMAP_WRITE_BIN_72,HEATMAP_WRITE_BIN_73,HEATMAP_WRITE_BIN_74,HEATMAP_WRITE_BIN_75,HEATMAP_WRITE_BIN_76,HEATMAP_WRITE_BIN_77,HEATMAP_WRITE_BIN_78,HEATMAP_WRITE_BIN_79,HEATMAP_WRITE_BIN_8,HEATMAP_WRITE_BIN_80,HEATMAP_WRITE_BIN_81,HEATMAP_WRITE_BIN_82,HEATMAP_WRITE_BIN_83,HEATMAP_WRITE_BIN_84,HEATMAP_WRITE_BIN_85,HEATMAP_WRITE_BIN_86,HEATMAP_WRITE_BIN_87,HEATMAP_WRITE_BIN_88,HEATMAP_WRITE_BIN_89,HEATMAP_WRITE_BIN_9,HEATMAP_WRITE_BIN_90,HEATMAP_WRITE_BIN_91,HEATMAP_WRITE_BIN_92,HEATMAP_WRITE_BIN_93,HEATMAP_WRITE_BIN_94,HEATMAP_WRITE_BIN_95,HEATMAP_WRITE_BIN_96,HEATMAP_WRITE_BIN_97,HEATMAP_WRITE_BIN_98,HEATMAP_WRITE_BIN_99
HEATMAP,0,16592106915301738621,heatmap:POSIX,UNKNOWN,UNKNOWN,0.200000,0,0,0,0,0,0,0,0,0,0,0,0,0,0,0,0,6553600,0,0,0,0,0,0,0,0,0,0,0,0,0,0,0,0,0,0,0,0,0,0,0,0,0,0,0,0,0,0,0,0,0,0,0,0,0,0,0,0,0,0,0,0,0,0,0,0,0,0,0,0,0,0,0,0,0,0,0,0,0,0,0,0,0,0,0,0,0,0,0,0,0,0,0,0,0,0,0,0,0,0,0,0,0,0,0,0,0,0,0,0,0,0,0,0,0,0,37610,3201,0,0,0,0,0,0,0,0,0,0,80158,0,0,0,0,87524,73976,84207,74767,52064,56051,81728,45662,80970,72868,86221,97686,81552,87150,72666,77360,72953,89897,89292,64554,89730,88577,87917,80480,67324,77057,87595,69355,93467,92349,87762,91211,81283,85011,50449,923,64387,81430,93197,64977,44836,86720,85518,108293,102505,88353,88267,82285,87953,82856,85540,90052,86082,91624,84459,83727,68752,108714,78366,88649,91761,100211,96847,94892,86359,89498,85572,89742,87173,92785,90510,103488,86161,74940,90838,83091,106866,56104,0,0,0,0,0,0,0,38611,0,0,0,0,0,0,0,0,0,0
HEATMAP,0,3989511027826779520,heatmap:STDIO,UNKNOWN,UNKNOWN,0.200000,0,0,0,0,0,0,0,0,0,0,0,0,0,0,0,0,0,0,0,0,0,0,0,0,0,0,0,0,0,0,0,0,0,0,0,0,0,0,0,0,0,0,0,0,0,0,0,0,0,0,0,0,0,0,0,0,0,0,0,0,0,0,0,0,0,0,0,0,0,0,0,0,0,0,0,0,0,0,0,0,0,0,0,0,0,0,0,0,0,0,0,0,0,0,0,0,0,0,0,0,0,0,0,0,0,0,0,0,0,0,0,0,0,0,450,974,0,0,0,0,0,0,0,0,0,0,0,0,0,0,1214,0,0,0,0,0,0,0,0,0,0,0,0,0,0,0,0,0,0,0,0,0,0,0,0,0,0,0,0,0,0,0,0,0,0,0,0,0,0,0,0,0,0,0,0,0,0,0,0,0,0,0,0,0,0,0,0,0,0,0,0,0,0,0,0,0,0,0,0,0,0,0,0,0,0,0,0,0,0,0,0,0,0,0,0,0,0,0,0,0,0,0,0,0,0,0,0,0
HEATMAP,1,16592106915301738621,heatmap:POSIX,UNKNOWN,UNKNOWN,0.200000,0,0,0,0,0,0,0,0,0,0,0,0,0,0,0,0,6553600,0,0,0,0,0,0,0,0,0,0,0,0,0,0,0,0,0,0,0,0,0,0,0,0,0,0,0,0,0,0,0,0,0,0,0,0,0,0,0,0,0,0,0,0,0,0,0,0,0,0,0,0,0,0,0,0,0,0,0,0,0,0,0,0,0,0,0,0,0,0,0,0,0,0,0,0,0,0,0,0,0,0,0,0,0,0,0,0,0,0,0,0,0,0,0,0,0,0,51637,75885,72114,77074,74967,64797,58842,71551,48490,23000,60008,126101,67569,117595,114260,41000,0,74681,63239,65547,64465,53052,72358,65907,63379,62256,74102,70448,21206,65601,68012,55540,61775,56010,60577,71344,70482,68304,71139,66768,57939,52621,46669,65026,40714,7052,42958,43338,44675,57563,66285,30279,324,35623,61201,27290,50132,60096,61019,48264,8105,28404,64535,64562,55756,69583,59748,67653,65975,63571,69926,59490,50819,6253,28912,43198,60668,70619,51137,75535,57966,69446,69688,66472,68752,65523,70835,58324,34791,67926,64277,65709,67484,8767,24051,70937,75921,57223,66019,75856,73706,72838,69511,60510,72436,67980,63499,24378,10922,47534,70715,65668,73340
HEATMAP,10,16592106915301738621,heatmap:POSIX,UNKNOWN,UNKNOWN,0.200000,0,0,0,0,0,0,0,0,0,0,0,0,0,0,0,0,6553600,0,0,0,0,0,0,0,0,0,0,0,0,0,0,0,0,0,0,0,0,0,0,0,0,0,0,0,0,0,0,0,0,0,0,0,0,0,0,0,0,0,0,0,0,0,0,0,0,0,0,0,0,0,0,0,0,0,0,0,0,0,0,0,0,0,0,0,0,0,0,0,0,0,0,0,0,0,0,0,0,0,0,0,0,0,0,0,0,0,0,0,0,0,0,0,0,0,0,4616,61564,109836,106392,51294,0,0,0,0,0,0,0,63311,0,0,0,0,39371,60668,65419,73460,71801,63095,67249,66663,72880,71325,69240,41740,67018,70150,59062,49689,61069,68795,56530,62017,42156,4086,63075,69518,66621,64765,61347,68273,69810,67521,66130,55745,58548,61475,16049,59096,73454,68824,65355,69941,54639,61768,67955,70060,66180,68302,67432,47179,66899,53440,52914,62631,58733,63618,63168,72128,60116,70244,70456,66083,66996,75298,68467,53633,68866,41752,69815,70764,67055,71185,69899,74130,69714,60603,56079,69655,29527,62398,48838,79254,69760,80057,65757,75768,65077,60714,69533,73675,71144,74883,73648,70463,78269,82947,84379,93610
HEATMAP,11,16592106915301738621,heatmap:POSIX,UNKNOWN,UNKNOWN,0.200000,0,0,0,0,0,0,0,0,0,0,0,0,0,0,0,0,6553600,0,0,0,0,0,0,0,0,0,0,0,0,0,0,0,0,0,0,0,0,0,0,0,0,0,0,0,0,0,0,0,0,0,0,0,0,0,0,0,0,0,0,0,0,0,0,0,0,0,0,0,0,0,0,0,0,0,0,0,0,0,0,0,0,0,0,0,0,0,0,0,0,0,0,0,0,0,0,0,0,0,0,0,0,0,0,0,0,0,0,0,0,0,0,0,0,0,0,38285,64304,0,0,0,0,0,0,0,0,0,0,65951,0,0,0,0,79110,66778,63498,78099,73456,69996,65628,60366,79936,69436,75430,1468,66525,64110,73881,55492,63842,59291,72895,71193,70081,33461,73712,54512,72267,76306,72723,74535,54997,63454,63666,56450,68426,64594,68196,69813,66300,68337,46749,75860,66249,63005,66962,80234,62116,69436,75094,66315,66522,56738,72744,26811,63436,69980,69740,70147,72957,64036,68230,65185,70404,76683,77384,57286,72938,71465,68473,54239,62167,79146,78023,79642,80128,78417,74425,74403,64377,80266,74592,79002,89268,123277,115128,80382,71618,84994,70500,78863,78665,72572,82792,62735,0,0,0,0
HEATMAP,12,16592106915301738621,heatmap:POSIX,UNKNOWN,UNKNOWN,0.200000,0,0,0,0,0,0,0,0,0,0,0,0,0,0,0,0,6553600,0,0,0,0,0,0,0,0,0,0,0,0,0,0,0,0,0,0,0,0,0,0,0,0,0,0,0,0,0,0,0,0,0,0,0,0,0,0,0,0,0,0,0,0,0,0,0,0,0,0,0,0,0,0,0,0,0,0,0,0,0,0,0,0,0,0,0,0,0,0,0,0,0,0,0,0,0,0,0,0,0,0,0,0,0,0,0,0,0,0,0,0,0,0,0,0,0,0,10487,77492,0,0,0,0,0,0,0,0,0,0,72864,0,0,0,0,41526,55560,73446,73157,58501,72314,78921,78204,70445,72789,63126,65680,73518,60650,65836,63317,71957,68114,69749,62986,80130,40695,54824,80187,75239,76528,75298,73757,74335,68351,75828,74524,70901,74011,66328,74225,64513,73162,62624,68244,60200,63282,65150,76650,70920,73864,55748,59064,64137,45618,46739,58375,70537,74843,54924,75938,71791,71700,74251,64204,68755,72890,71306,81495,64415,60256,74887,76022,76591,82020,83758,50173,77078,74581,78868,83186,77227,69326,67978,69523,82812,75383,77055,88045,67642,77986,71977,47470,72729,76757,24271,49101,73829,5930,0,0
HEATMAP,13,16592106915301738621,heatmap:POSIX,UNKNOWN,UNKNOWN,0.200000,0,0,0,0,0,0,0,0,0,0,0,0,0,0,0,0,6553600,0,0,0,0,0,0,0,0,0,0,0,0,0,0,0,0,0,0,0,0,0,0,0,0,0,0,0,0,0,0,0,0,0,0,0,0,0,0,0,0,0,0,0,0,0,0,0,0,0,0,0,0,0,0,0,0,0,0,0,0,0,0,0,0,0,0,0,0,0,0,0,0,0,0,0,0,0,0,0,0,0,0,0,0,0,0,0,0,0,0,0,0,0,0,0,0,0,0,42068,86323,0,0,0,0,0,0,0,0,0,0,65775,0,0,0,0,94636,71535,61606,92883,91179,89205,83637,83805,95855,86268,88775,1481,81456,57721,83203,61064,43237,99264,94866,85402,88173,99312,78744,95780,85549,39042,84825,56675,52368,51881,82602,39834,88082,92785,83617,88968,89291,85069,72556,90778,46661,85453,66341,96313,91273,99898,96084,82672,88050,94354,91404,118223,80532,64179,87832,58881,85473,94155,54906,89228,91120,83901,83596,79415,44984,55985,87503,75818,85928,61050,71495,38616,75217,51197,92237,1770,55525,97970,83955,94604,89168,0,0,0,0,93459,0,0,0,0,0,0,0,0,0,0
HEATMAP,14,16592106915301738621,heatmap:POSIX,UNKNOWN,UNKNOWN,0.200000,0,0,0,0,0,0,0,0,0,0,0,0,0,0,0,0,6553600,0,0,0,0,0,0,0,0,0,0,0,0,0,0,0,0,0,0,0,0,0,0,0,0,0,0,0,0,0,0,0,0,0,0,0,0,0,0,0,0,0,0,0,0,0,0,0,0,0,0,0,0,0,0,0,0,0,0,0,0,0,0,0,0,0,0,0,0,0,0,0,0,0,0,0,0,0,0,0,0,0,0,0,0,0,0,0,0,0,0,0,0,0,0,0,0,0,0,740,78513,0,0,0,0,0,0,0,0,0,0,75110,0,0,0,0,42129,54396,74204,74906,60711,72794,79725,80515,70694,73294,63151,64881,73524,61160,68361,63104,71187,69900,66418,64518,78769,39273,53516,78405,73534,73871,72996,73472,72317,67580,77623,72731,68214,73040,67037,73080,64257,72217,60000,66057,59823,63684,66674,77178,71004,71856,53813,57272,64777,44471,45852,57379,71255,74165,54666,75938,72648,69829,72706,63442,67729,72999,72475,81663,63673,59977,73350,73974,76333,80992,82476,49580,77171,75085,79120,80879,77232,69351,67197,69254,82044,73584,75787,88299,67129,75674,70433,45569,70541,76884,24170,49329,74456,58835,0,0
HEATMAP,15,16592106915301738621,heatmap:POSIX,UNKNOWN,UNKNOWN,0.200000,0,0,0,0,0,0,0,0,0,0,0,0,0,0,0,0,6553600,0,0,0,0,0,0,0,0,0,0,0,0,0,0,0,0,0,0,0,0,0,0,0,0,0,0,0,0,0,0,0,0,0,0,0,0,0,0,0,0,0,0,0,0,0,0,0,0,0,0,0,0,0,0,0,0,0,0,0,0,0,0,0,0,0,0,0,0,0,0,0,0,0,0,0,0,0,0,0,0,0,0,0,0,0,0,0,0,0,0,0,0,0,0,0,0,0,0,45435,94244,0,0,0,0,0,0,0,0,0,0,83596,0,0,0,0,87173,85616,86605,91186,91672,88488,81159,71251,92214,91084,83338,80635,91012,86498,85709,72861,81429,91155,89761,96925,78845,69481,91391,91164,81749,80159,79861,82963,80366,76418,87679,85008,80959,85425,78516,87362,87709,87503,90588,94502,72629,82911,89839,93749,90721,74545,58076,81243,88391,82174,90108,94957,83903,87399,87681,88226,63500,89800,91585,93913,88752,87569,92048,74103,82896,86665,86602,86695,82869,95850,88728,88190,0,0,93015,0,0,0,0,0,0,0,0,0,0,107574,0,0,0,0,0,0,0,0,0,0
HEATMAP,2,16592106915301738621,heatmap:POSIX,UNKNOWN,UNKNOWN,0.200000,0,0,0,0,0,0,0,0,0,0,0,0,0,0,0,0,6553600,0,0,0,0,0,0,0,0,0,0,0,0,0,0,0,0,0,0,0,0,0,0,0,0,0,0,0,0,0,0,0,0,0,0,0,0,0,0,0,0,0,0,0,0,0,0,0,0,0,0,0,0,0,0,0,0,0,0,0,0,0,0,0,0,0,0,0,0,0,0,0,0,0,0,0,0,0,0,0,0,0,0,0,0,0,0,0,0,0,0,0,0,0,0,0,0,0,0,34631,74552,0,0,0,0,0,0,0,0,0,0,72386,0,0,0,0,79388,72545,71054,78145,69684,77937,76855,56621,65626,67727,67097,67163,75260,74338,61202,60347,68755,62593,70084,76047,48702,4022,71348,73296,58005,69599,69953,68363,66715,66389,69498,68856,67453,69010,54471,75345,73236,67423,71708,75279,65345,64399,58384,69328,65864,69425,50130,61655,35795,59531,59431,58731,64201,74284,65222,74111,63206,71826,66228,66067,68768,47663,14696,72202,66635,66815,67011,67001,71240,73016,75095,75781,78351,79752,72891,77707,60215,78696,81212,77709,81187,85101,75768,87993,97562,73367,102737,102069,99062,68701,79562,96164,0,0,0,0
HEATMAP,3,16592106915301738621,heatmap:POSIX,UNKNOWN,UNKNOWN,0.200000,0,0,0,0,0,0,0,0,0,0,0,0,0,0,0,0,6553600,0,0,0,0,0,0,0,0,0,0,0,0,0,0,0,0,0,0,0,0,0,0,0,0,0,0,0,0,0,0,0,0,0,0,0,0,0,0,0,0,0,0,0,0,0,0,0,0,0,0,0,0,0,0,0,0,0,0,0,0,0,0,0,0,0,0,0,0,0,0,0,0,0,0,0,0,0,0,0,0,0,0,0,0,0,0,0,0,0,0,0,0,0,0,0,0,0,0,17359,66970,0,0,0,0,0,0,0,0,0,0,69831,0,0,0,0,40503,63825,71969,77947,72970,68724,70949,73467,79076,77941,74597,43596,73274,72842,62932,52485,65180,71068,59003,65311,50728,5597,69647,72961,68769,66953,64284,72476,70593,68436,74051,56025,61951,64709,16702,60080,77032,72159,71242,71946,57246,67569,71528,72003,69892,73898,71295,51011,70993,55882,55565,66245,65230,67456,68520,74350,62144,72422,70482,68429,72306,78114,72399,54662,73629,42779,72645,74849,71710,74465,72661,77767,73292,60396,59802,67050,29319,62873,50085,80296,70053,82075,67066,78810,65058,69781,72512,74612,72111,75394,75057,72126,78713,82754,87091,48968
HEATMAP,4,16592106915301738621,heatmap:POSIX,UNKNOWN,UNKNOWN,0.200000,0,0,0,0,0,0,0,0,0,0,0,0,0,0,0,0,6553600,0,0,0,0,0,0,0,0,0,0,0,0,0,0,0,0,0,0,0,0,0,0,0,0,0,0,0,0,0,0,0,0,0,0,0,0,0,0,0,0,0,0,0,0,0,0,0,0,0,0,0,0,0,0,0,0,0,0,0,0,0,0,0,0,0,0,0,0,0,0,0,0,0,0,0,0,0,0,0,0,0,0,0,0,0,0,0,0,0,0,0,0,0,0,0,0,0,0,27112,75076,74401,79554,23902,0,0,0,0,0,0,0,70897,0,0,0,0,69766,69220,69735,57248,73234,70690,74616,67596,59149,71014,69400,68349,76102,70396,33980,19744,68079,70215,70297,43235,63053,24132,40476,56890,66983,66570,65090,65616,65744,71237,73631,64976,62448,67838,61344,69560,70067,72329,42879,35611,60821,69829,47778,73304,75159,77993,74593,66327,66267,63261,76291,56472,69299,60677,64108,68287,48167,72058,71691,71086,71683,69804,65148,65080,65507,66818,68399,68290,63995,59164,70029,76764,78093,78392,77002,76370,72945,79925,80777,78945,40326,7646,20235,78211,74646,28925,68666,71868,71358,73360,64804,67674,75809,74839,79480,59674
HEATMAP,5,16592106915301738621,heatmap:POSIX,UNKNOWN,UNKNOWN,0.200000,0,0,0,0,0,0,0,0,0,0,0,0,0,0,0,0,6553600,0,0,0,0,0,0,0,0,0,0,0,0,0,0,0,0,0,0,0,0,0,0,0,0,0,0,0,0,0,0,0,0,0,0,0,0,0,0,0,0,0,0,0,0,0,0,0,0,0,0,0,0,0,0,0,0,0,0,0,0,0,0,0,0,0,0,0,0,0,0,0,0,0,0,0,0,0,0,0,0,0,0,0,0,0,0,0,0,0,0,0,0,0,0,0,0,0,0,20277,81811,0,0,0,0,0,0,0,0,0,0,69571,0,0,0,0,83131,76889,88017,87925,84907,72269,85827,81552,90495,89285,80510,51737,84568,87255,77843,60875,81994,88775,75576,81549,80037,99675,85191,77226,85718,83390,80939,83894,88546,77121,86383,78363,78226,42716,76848,70518,88007,83895,89041,87031,67405,88673,80293,84714,83511,87550,58857,36925,79944,76123,74957,78528,77027,70407,84425,85890,75928,87175,90837,80929,89167,90689,87181,63138,85756,93257,76956,92587,85144,85760,83060,87833,87919,83103,76232,91987,40620,57390,53868,0,0,0,0,0,0,86452,0,0,0,0,0,0,0,0,0,0
HEATMAP,6,16592106915301738621,heatmap:POSIX,UNKNOWN,UNKNOWN,0.200000,0,0,0,0,0,0,0,0,0,0,0,0,0,0,0,0,6553600,0,0,0,0,0,0,0,0,0,0,0,0,0,0,0,0,0,0,0,0,0,0,0,0,0,0,0,0,0,0,0,0,0,0,0,0,0,0,0,0,0,0,0,0,0,0,0,0,0,0,0,0,0,0,0,0,0,0,0,0,0,0,0,0,0,0,0,0,0,0,0,0,0,0,0,0,0,0,0,0,0,0,0,0,0,0,0,0,0,0,0,0,0,0,0,0,0,0,38473,94685,0,0,0,0,0,0,0,0,0,0,93637,0,0,0,0,93541,88257,92582,91109,87735,92106,89901,78128,88530,89254,80636,79026,90605,92891,79029,82945,91244,88425,90393,91785,96377,112877,85720,30270,96645,90357,87152,78043,88881,85804,90733,90845,88841,89708,80677,92081,93523,88390,89654,68499,81197,82139,75477,87607,85496,89998,66348,87843,102867,75150,77204,78631,87242,94123,86404,86361,85826,92385,85901,89159,91223,61506,18541,81324,84199,89477,84009,86767,88083,91703,96451,91576,0,0,90348,0,0,0,0,0,0,0,0,0,0,91041,0,0,0,0,0,0,0,0,0,0
HEATMAP,7,16592106915301738621,heatmap:POSIX,UNKNOWN,UNKNOWN,0.200000,0,0,0,0,0,0,0,0,0,0,0,0,0,0,0,0,6553600,0,0,0,0,0,0,0,0,0,0,0,0,0,0,0,0,0,0,0,0,0,0,0,0,0,0,0,0,0,0,0,0,0,0,0,0,0,0,0,0,0,0,0,0,0,0,0,0,0,0,0,0,0,0,0,0,0,0,0,0,0,0,0,0,0,0,0,0,0,0,0,0,0,0,0,0,0,0,0,0,0,0,0,0,0,0,0,0,0,0,0,0,0,0,0,0,0,0,17898,77930,75187,78619,77134,63387,59781,70599,49000,22254,40126,0,68025,0,0,0,0,71921,62079,67736,64852,54197,75091,67824,65649,66066,74171,72412,20189,67139,68770,57935,62867,62015,66454,77100,76944,73675,77678,72384,62815,54409,63933,72906,44739,7318,45250,79919,50193,63571,71273,32708,321,37179,65292,30106,54251,66693,71484,53410,9629,31250,70689,72033,60807,74974,66913,71888,70695,74888,71798,63755,54665,6751,44150,72380,75911,76765,52657,79912,62004,73654,74580,71192,74635,70190,77437,62655,36606,70736,66717,78866,69637,8505,24578,75386,79412,59784,69343,79368,77879,74107,81442,61029,71498,71224,68233,26808,10909,50110,74551,69005,76151
HEATMAP,8,16592106915301738621,heatmap:POSIX,UNKNOWN,UNKNOWN,0.200000,0,0,0,0,0,0,0,0,0,0,0,0,0,0,0,0,6553600,0,0,0,0,0,0,0,0,0,0,0,0,0,0,0,0,0,0,0,0,0,0,0,0,0,0,0,0,0,0,0,0,0,0,0,0,0,0,0,0,0,0,0,0,0,0,0,0,0,0,0,0,0,0,0,0,0,0,0,0,0,0,0,0,0,0,0,0,0,0,0,0,0,0,0,0,0,0,0,0,0,0,0,0,0,0,0,0,0,0,0,0,0,0,0,0,0,0,31669,87345,0,0,0,0,0,0,0,0,0,0,82890,0,0,0,0,85043,77273,79336,83278,78744,83732,82755,66070,73765,75450,70919,70632,80997,79711,66555,67894,78039,77421,80434,79727,60769,12160,82882,81391,62367,78027,81330,77808,72895,77350,79642,80635,80478,81374,65725,79694,80903,78972,81161,80561,73057,72484,68935,80090,73029,81516,56242,68280,42885,68060,67623,69427,73353,84336,77842,83241,74471,80019,75179,79373,80302,56929,17163,81487,76154,76303,76928,75759,79670,81981,83039,82430,83563,83676,83128,80104,65235,82374,88972,85277,86074,88713,83040,28239,0,81815,0,0,0,0,0,0,0,0,0,0
HEATMAP,9,16592106915301738621,heatmap:POSIX,UNKNOWN,UNKNOWN,0.200000,0,0,0,0,0,0,0,0,0,0,0,0,0,0,0,0,6553600,0,0,0,0,0,0,0,0,0,0,0,0,0,0,0,0,0,0,0,0,0,0,0,0,0,0,0,0,0,0,0,0,0,0,0,0,0,0,0,0,0,0,0,0,0,0,0,0,0,0,0,0,0,0,0,0,0,0,0,0,0,0,0,0,0,0,0,0,0,0,0,0,0,0,0,0,0,0,0,0,0,0,0,0,0,0,0,0,0,0,0,0,0,0,0,0,0,0,29952,69105,71264,75703,80904,75253,97864,80875,0,0,0,0,67540,0,0,0,0,68515,66659,63946,54326,72270,63979,72825,67045,51487,70332,66116,67112,70082,67319,33421,18621,61859,64825,63353,39009,61248,22330,62274,52053,62601,61315,62261,64484,64974,69865,47156,62067,57345,63380,62893,67006,68534,67156,38532,32073,58486,56822,45021,70312,71211,72411,72143,62090,64302,57761,72980,53405,62578,58372,62297,66648,46772,66668,65282,63164,67219,64020,61807,59661,61680,62710,65854,65211,63616,56553,66622,72411,75020,77882,70699,74841,72432,79153,77183,78957,40018,7390,20437,77788,71215,25378,66737,68794,69247,70086,65276,67982,75418,72414,76144,55912
