module,rank,record id,file name,mount pt,fs type,HEATMAP_F_BIN_WIDTH_SECONDS,HEATMAP_READ_BIN_0,HEATMAP_READ_BIN_1,HEATMAP_READ_BIN_10,HEATMAP_READ_BIN_100,HEATMAP_READ_BIN_101,HEATMAP_READ_BIN_102,HEATMAP_READ_BIN_103,HEATMAP_READ_BIN_104,HEATMAP_READ_BIN_105,HEATMAP_READ_BIN_106,HEATMAP_READ_BIN_107,HEATMAP_READ_BIN_108,HEATMAP_READ_BIN_109,HEATMAP_READ_BIN_11,HEATMAP_READ_BIN_110,HEATMAP_READ_BIN_111,HEATMAP_READ_BIN_112,HEATMAP_READ_BIN_113,HEATMAP_READ_BIN_114,HEATMAP_READ_BIN_115,HEATMAP_READ_BIN_116,HEATMAP_READ_BIN_117,HEATMAP_READ_BIN_118,HEATMAP_READ_BIN_119,HEATMAP_READ_BIN_12,HEATMAP_READ_BIN_120,HEATMAP_READ_BIN_121,HEATMAP_READ_BIN_122,HEATMAP_READ_BIN_123,HEATMAP_READ_BIN_124,HEATMAP_READ_BIN_125,HEATMAP_READ_BIN_126,HEATMAP_READ_BIN_127,HEATMAP_READ_BIN_128,HEATMAP_READ_BIN_129,HEATMAP_READ_BIN_13,HEATMAP_READ_BIN_130,HEATMAP_READ_BIN_131,HEATMAP_READ_BIN_132,HEATMAP_READ_BIN_133,HEATMAP_READ_BIN_134,HEATMAP_READ_BIN_135,HEATMAP_READ_BIN_136,HEATMAP_READ_BIN_137,HEATMAP_READ_BIN_138,HEATMAP_READ_BIN_139,HEATMAP_READ_BIN_14,HEATMAP_READ_BIN_140,HEATMAP_READ_BIN_141,HEATMAP_READ_BIN_142,HEATMAP_READ_BIN_143,HEATMAP_READ_BIN_144,HEATMAP_READ_BIN_145,HEATMAP_READ_BIN_146,HEATMAP_READ_BIN_147,HEATMAP_READ_BIN_148,HEATMAP_READ_BIN_149,HEATMAP_READ_BIN_15,HEATMAP_READ_BIN_150,HEATMAP_READ_BIN_151,HEATMAP_READ_BIN_152,HEATMAP_READ_BIN_153,HEATMAP_READ_BIN_154,HEATMAP_READ_BIN_155,HEATMAP_READ_BIN_156,HEATMAP_READ_BIN_16,HEATMAP_READ_BIN_17,HEATMAP_READ_BIN_18,HEATMAP_READ_BIN_19,HEATMAP_READ_BIN_2,HEATMAP_READ_BIN_20,HEATMAP_READ_BIN_21,HEATMAP_READ_BIN_22,HEATMAP_READ_BIN_23,HEATMAP_READ_BIN_24,HEATMAP_READ_BIN_25,HEATMAP_READ_BIN_26,HEATMAP_READ_BIN_27,HEATMAP_READ_BIN_28,HEATMAP_READ_BIN_29,HEATMAP_READ_BIN_3,HEATMAP_READ_BIN_30,HEATMAP_READ_BIN_31,HEATMAP_READ_BIN_32,HEATMAP_READ_BIN_33,HEATMAP_READ_BIN_34,HEATMAP_READ_BIN_35,HEATMAP_READ_BIN_36,HEATMAP_READ_BIN_37,HEATMAP_READ_BIN_38,HEATMAP_READ_BIN_39,HEATMAP_READ_BIN_4,HEATMAP_READ_BIN_40,HEATMAP_READ_BIN_41,HEATMAP_READ_BIN_42,HEATMAP_READ_BIN_43,HEATMAP_READ_BIN_44,HEATMAP_READ_BIN_45,HEATMAP_READ_BIN_46,HEATMAP_READ_BIN_47,HEATMAP_READ_BIN_48,HEATMAP_READ_BIN_49,HEATMAP_READ_BIN_5,HEATMAP_READ_BIN_50,HEATMAP_READ_BIN_51,HEATMAP_READ_BIN_52,HEATMAP_READ_BIN_53,HEATMAP_READ_BIN_54,HEATMAP_READ_BIN_55,HEATMAP_READ_BIN_56,HEATMAP_READ_BIN_57,HEATMAP_READ_BIN_58,HEATMAP_READ_BIN_59,HEATMAP_READ_BIN_6,HEATMAP_READ_BIN_60,HEATMAP_READ_BIN_61,HEATMAP_READ_BIN_62,HEATMAP_READ_BIN_63,HEATMAP_READ_BIN_64,HEATMAP_READ_BIN_65,HEATMAP_READ_BIN_66,HEATMAP_READ_BIN_67,HEATMAP_READ_BIN_68,HEATMAP_READ_BIN_69,HEATMAP_READ_BIN_7,HEATMAP_READ_BIN_70,HEATMAP_READ_BIN_71,HEATMAP_READ_BIN_72,HEATMAP_READ_BIN_73,HEATMAP_READ_BIN_74,HEATMAP_READ_BIN_75,HEATMAP_READ_BIN_76,HEATMAP_READ_BIN_77,HEATMAP_READ_BIN_78,HEATMAP_READ_BIN_79,HEATMAP_READ_BIN_8,HEATMAP_READ_BIN_80,HEATMAP_READ_BIN_81,HEATMAP_READ_BIN_82,HEATMAP_READ_BIN_83,HEATMAP_READ_BIN_84,HEATMAP_READ_BIN_85,HEATMAP_READ_BIN_86,HEATMAP_READ_BIN_87,HEATMAP_READ_BIN_88,HEATMAP_READ_BIN_89,HEATMAP_READ_BIN_9,HEATMAP_READ_BIN_90,HEATMAP_READ_BIN_91,HEATMAP_READ_BIN_92,HEATMAP_READ_BIN_93,HEATMAP_READ_BIN_94,HEATMAP_READ_BIN_95,HEATMAP_READ_BIN_96,HEATMAP_READ_BIN_97,HEATMAP_READ_BIN_98,HEATMAP_READ_BIN_99,HEATMAP_WRITE_BIN_0,HEATMAP_WRITE_BIN_1,HEATMAP_WRITE_BIN_10,HEATMAP_WRITE_BIN_100,HEATMAP_WRITE_BIN_101,HEATMAP_WRITE_BIN_102,HEATMAP_WRITE_BIN_103,HEATMAP_WRITE_BIN_104,HEATMAP_WRITE_BIN_105,HEATMAP_WRITE_BIN_106,HEATMAP_WRITE_BIN_107,HEATMAP_WRITE_BIN_108,HEATMAP_WRITE_BIN_109,HEATMAP_WRITE_BIN_11,HEATMAP_WRITE_BIN_110,HEATMAP_WRITE_BIN_111,HEATMAP_WRITE_BIN_112,HEATMAP_WRITE_BIN_113,HEATMAP_WRITE_BIN_114,HEATMAP_WRITE_BIN_115,HEATMAP_WRITE_BIN_116,HEATMAP_WRITE_BIN_117,HEATMAP_WRITE_BIN_118,HEATMAP_WRITE_BIN_119,HEATMAP_WRITE_BIN_12,HEATMAP_WRITE_BIN_120,HEATMAP_WRITE_BIN_121,HEATMAP_WRITE_BIN_122,HEATMAP_WRITE_BIN_123,HEATMAP_WRITE_BIN_124,HEATMAP_WRITE_BIN_125,HEATMAP_WRITE_BIN_126,HEATMAP_WRITE_BIN_127,HEATMAP_WRITE_BIN_128,HEATMAP_WRITE_BIN_129,HEATMAP_WRITE_BIN_13,HEATMAP_WRITE_BIN_130,HEATMAP_WRITE_BIN_131,HEATMAP_WRITE_BIN_132,HEATMAP_WRITE_BIN_133,HEATMAP_WRITE_BIN_134,HEATMAP_WRITE_BIN_135,HEATMAP_WRITE_BIN_136,HEATMAP_WRITE_BIN_137,HEATMAP_WRITE_BIN_138,HEATMAP_WRITE_BIN_139,HEATMAP_WRITE_BIN_14,HEATMAP_WRITE_BIN_140,HEATMAP_WRITE_BIN_141,HEATMAP_WRITE_BIN_142,HEATMAP_WRITE_BIN_143,HEATMAP_WRITE_BIN_144,HEATMAP_WRITE_BIN_145,HEATMAP_WRITE_BIN_146,HEATMAP_WRITE_BIN_147,HEATMAP_WRITE_BIN_148,HEATMAP_WRITE_BIN_149,HEATMAP_WRITE_BIN_15,HEATMAP_WRITE_BIN_150,HEATMAP_WRITE_BIN_151,HEATMAP_WRITE_BIN_152,HEATMAP_WRITE_BIN_153,HEATMAP_WRITE_BIN_154,HEATMAP_WRITE_BIN_155,HEATMAP_WRITE_BIN_156,HEATMAP_WRITE_BIN_16,HEATMAP_WRITE_BIN_17,HEATMAP_WRITE_BIN_18,HEATMAP_WRITE_BIN_19,HEATMAP_WRITE_BIN_2,HEATMAP_WRITE_BIN_20,HEATMAP_WRITE_BIN_21,HEATMAP_WRITE_BIN_22,HEATMAP_WRITE_BIN_23,HEATMAP_WRITE_BIN_24,HEATMAP_WRITE_BIN_25,HEATMAP_WRITE_BIN_26,HEATMAP_WRITE_BIN_27,HEATMAP_WRITE_BIN_28,HEATMAP_WRITE_BIN_29,HEATMAP_WRITE_BIN_3,HEATMAP_WRITE_BIN_30,HEATMAP_WRITE_BIN_31,HEATMAP_WRITE_BIN_32,HEATMAP_WRITE_BIN_33,HEATMAP_WRITE_BIN_34,HEATMAP_WRITE_BIN_35,HEATMAP_WRITE_BIN_36,HEATMAP_WRITE_BIN_37,HEATMAP_WRITE_BIN_38,HEATMAP_WRITE_BIN_39,HEATMAP_WRITE_BIN_4,HEATMAP_WRITE_BIN_40,HEATMAP_WRITE_BIN_41,HEATMAP_WRITE_BIN_42,HEATMAP_WRITE_BIN_43,HEATMAP_WRITE_BIN_44,HEATMAP_WRITE_BIN_45,HEATMAP_WRITE_BIN_46,HEATMAP_WRITE_BIN_47,HEATMAP_WRITE_BIN_48,HEATMAP_WRITE_BIN_49,HEATMAP_WRITE_BIN_5,HEATMAP_WRITE_BIN_50,HEATMAP_WRITE_BIN_51,HEATMAP_WRITE_BIN_52,HEATMAP_WRITE_BIN_53,HEATMAP_WRITE_BIN_54,HEATMAP_WRITE_BIN_55,HEATMAP_WRITE_BIN_56,HEATMAP_WRITE_BIN_57,HEATMAP_WRITE_BIN_58,HEATMAP_WRITE_BIN_59,HEATMAP_WRITE_BIN_6,HEATMAP_WRITE_BIN_60,HEATMAP_WRITE_BIN_61,HEATMAP_WRITE_BIN_62,HEATMAP_WRITE_BIN_63,HEATMAP_WRITE_BIN_64,HEATMAP_WRITE_BIN_65,HEATMAP_WRITE_BIN_66,HEATMAP_WRITE_BIN_67,HEATMAP_WRITE_BIN_68,HEATMAP_WRITE_BIN_69,HEATMAP_WRITE_BIN_7,HEATMAP_WRITE_BIN_70,HEATMAP_WRITE_BIN_71,HEATMAP_WRITE_BIN_72,HEATMAP_WRITE_BIN_73,HEATMAP_WRITE_BIN_74,HEATMAP_WRITE_BIN_75,HEATMAP_WRITE_BIN_76,HEATMAP_WRITE_BIN_77,HEATMAP_WRITE_BIN_78,HEATMAP_WRITE_BIN_79,HEATMAP_WRITE_BIN_8,HEATMAP_WRITE_BIN_80,HEATMAP_WRITE_BIN_81,HEATMAP_WRITE_BIN_82,HEATMAP_WRITE_BIN_83,HEATMAP_WRITE_BIN_84,HEATMAP_WRITE_BIN_85,HEATMAP_WRITE_BIN_86,HEATMAP_WRITE_BIN_87,HEATMAP_WRITE_BIN_88,HEATMAP_WRITE_BIN_89,HEATMAP_WRITE_BIN_9,HEATMAP_WRITE_BIN_90,HEATMAP_WRITE_BIN_91,HEATMAP_WRITE_BIN_92,HEATMAP_WRITE_BIN_93,HEATMAP_WRITE_BIN_94,HEATMAP_WRITE_BIN_95,HEATMAP_WRITE_BIN_96,HEATMAP_WRITE_BIN_97,HEATMAP_WRITE_BIN_98,HEATMAP_WRITE_BIN_99
HEATMAP,0,16592106915301738621,heatmap:POSIX,UNKNOWN,UNKNOWN,0.100000,0,0,0,0,0,0,0,0,0,0,0,0,0,0,0,0,0,0,0,0,0,0,0,0,0,0,0,0,0,0,0,0,0,0,0,0,0,0,0,0,0,0,0,0,0,0,0,0,0,0,0,241664,540672,880640,385024,0,0,0,0,0,0,0,0,0,0,0,0,0,0,0,0,0,0,0,0,0,0,0,0,0,0,0,0,0,0,0,0,0,0,0,0,0,0,0,0,0,0,0,0,0,0,0,0,0,0,0,0,0,0,0,0,0,0,0,0,0,0,0,0,0,0,0,0,0,0,0,0,0,0,0,0,0,0,0,0,0,0,0,0,0,0,0,0,0,0,0,0,0,0,0,0,0,0,0,0,0,0,0,0,13497,16442,25622,22449,29078,12663,12875,25634,8370,15096,408,22841,408,408,408,408,408,408,408,408,11212,21999,12325,13349,28632,21595,1794,0,0,0,0,0,0,28804,0,0,0,0,0,0,0,0,0,0,22946,0,0,0,0,0,0,0,0,0,0,16864,0,0,0,0,0,0,0,23606,2517,19178,20042,0,20248,24159,16004,2552,17724,21305,19614,12201,7904,11797,0,15206,23421,17761,21226,26970,17672,25177,24370,6812,23056,1320,28359,21236,9750,13778,15944,14426,8598,24669,15189,26025,21529,17265,4737,14314,15637,14024,8192,20711,22222,9382,27340,17562,17034,10479,33144,33935,34841,25880,29503,7070,19731,20055,12837,20362,31392,13793,41510,12098,10965,6513,19839,30907,26210,17197,40867,17345,20480,17460,46942,9604,9959,13851,9738,26318,2373,35457,30146,3155,2068,15443,30299,17044,20363,18667,4638
HEATMAP,0,3989511027826779520,heatmap:STDIO,UNKNOWN,UNKNOWN,0.100000,0,0,0,0,0,0,0,0,0,0,0,0,0,0,0,0,0,0,0,0,0,0,0,0,0,0,0,0,0,0,0,0,0,0,0,0,0,0,0,0,0,0,0,0,0,0,0,0,0,0,0,0,0,0,0,0,0,0,0,0,0,0,0,0,0,0,0,0,0,0,0,0,0,0,0,0,0,0,0,0,0,0,0,0,0,0,0,0,0,0,0,0,0,0,0,0,0,0,0,0,0,0,0,0,0,0,0,0,0,0,0,0,0,0,0,0,0,0,0,0,0,0,0,0,0,0,0,0,0,0,0,0,0,0,0,0,0,0,0,0,0,0,0,0,0,0,0,0,0,0,0,0,0,0,0,0,0,332,0,0,0,0,0,0,0,0,0,0,0,0,0,0,0,0,0,0,0,0,0,0,0,0,0,0,0,0,0,0,0,0,0,0,0,0,0,0,0,0,0,0,0,0,0,0,0,0,0,0,0,0,0,0,0,0,0,0,0,0,0,0,784,0,0,0,0,0,130,0,0,0,0,0,0,0,0,0,0,96,0,0,0,0,0,0,0,0,0,0,0,0,0,0,0,0,0,0,0,0,0,0,0,0,0,0,0,0,0,0,0,0,0,0,0,0,0,0,0,0,0,0,0,0,0,0,0,0,0,0,0,0,0,0,0,0,0,0,0,0,0,0,0,0,0,0,0,0,0,0,0,0,0,0,0,0
HEATMAP,1,16592106915301738621,heatmap:POSIX,UNKNOWN,UNKNOWN,0.100000,0,0,0,0,0,0,0,0,0,0,0,0,0,0,0,0,0,0,0,0,0,0,0,0,0,0,0,0,0,0,0,0,0,0,0,0,0,0,0,0,0,0,0,0,0,0,0,0,0,0,0,206165,387755,581632,688128,184320,0,0,0,0,0,0,0,0,0,0,0,0,0,0,0,0,0,0,0,0,0,0,0,0,0,0,0,0,0,0,0,0,0,0,0,0,0,0,0,0,0,0,0,0,0,0,0,0,0,0,0,0,0,0,0,0,0,0,0,0,0,0,0,0,0,0,0,0,0,0,0,0,0,0,0,0,0,0,0,0,0,0,0,0,0,0,0,0,0,0,0,0,0,0,0,0,0,0,0,0,0,0,0,2087,26731,18888,33693,16047,2119,8917,13977,19130,12287,410,19093,410,410,410,410,410,410,410,410,5106,23879,17638,0,0,0,0,0,0,0,0,0,0,14826,0,0,0,0,0,0,0,0,0,0,23118,0,0,0,0,0,0,0,0,0,0,13084,0,0,0,0,0,0,0,10115,16474,32219,13163,0,6125,5282,30624,18554,18012,22732,25771,8825,36270,34649,0,8759,5439,24836,23533,36485,15757,43058,19034,13447,11319,4096,13605,16745,17900,25429,28075,29071,21671,6675,19284,17349,24988,8990,17115,27200,18383,9117,8865,14786,22174,21663,20766,4913,23305,31089,24718,38586,20677,12878,23485,23826,8545,11208,7523,11013,33513,20714,25537,17081,23155,36866,20937,13562,15941,18438,2175,29066,21788,31052,17985,17058,24308,43544,14237,9374,3342,31358,28995,20924,28106,33242,26377,2170,5632,20456,20565
HEATMAP,10,16592106915301738621,heatmap:POSIX,UNKNOWN,UNKNOWN,0.100000,0,0,0,0,0,0,0,0,0,0,0,0,0,0,0,0,0,0,0,0,0,0,0,0,0,0,0,0,0,0,0,0,0,0,0,0,0,0,0,0,0,0,0,0,0,0,0,0,0,0,0,245149,574051,757760,471040,0,0,0,0,0,0,0,0,0,0,0,0,0,0,0,0,0,0,0,0,0,0,0,0,0,0,0,0,0,0,0,0,0,0,0,0,0,0,0,0,0,0,0,0,0,0,0,0,0,0,0,0,0,0,0,0,0,0,0,0,0,0,0,0,0,0,0,0,0,0,0,0,0,0,0,0,0,0,0,0,0,0,0,0,0,0,0,0,0,0,0,0,0,0,0,0,0,0,0,0,0,0,0,0,11356,10872,18545,30914,7854,4117,11217,5004,35186,8108,0,18305,0,0,0,0,0,0,0,0,0,0,7539,0,0,0,0,0,0,0,0,0,0,12962,0,0,0,0,0,0,0,0,0,0,1402,0,0,0,0,0,0,0,0,0,0,1402,0,0,0,0,0,0,0,3862,20804,25031,17602,0,6298,12648,23371,16465,16028,24832,18475,19910,17912,4103,0,18774,25115,22758,28346,32552,16967,21327,21410,15759,18421,3291,18141,14479,15169,18492,29908,20788,37965,20422,20923,18854,26958,6639,9228,14086,14814,4126,8802,6754,32402,34978,10853,26362,7374,10701,31542,4513,31651,27209,26684,22426,9734,22724,25654,28797,8498,11610,21174,9016,35231,16732,2655,8020,41882,7847,8028,29395,41787,22070,28154,42043,28133,25702,28346,21329,23963,27042,30511,35411,23753,21059,27098,42506,31629,29463,20915
HEATMAP,11,16592106915301738621,heatmap:POSIX,UNKNOWN,UNKNOWN,0.100000,0,0,0,0,0,0,0,0,0,0,0,0,0,0,0,0,0,0,0,0,0,0,0,0,0,0,0,0,0,0,0,0,0,0,0,0,0,0,0,0,0,0,0,0,0,0,0,0,0,0,0,237568,459517,511235,389120,450560,0,0,0,0,0,0,0,0,0,0,0,0,0,0,0,0,0,0,0,0,0,0,0,0,0,0,0,0,0,0,0,0,0,0,0,0,0,0,0,0,0,0,0,0,0,0,0,0,0,0,0,0,0,0,0,0,0,0,0,0,0,0,0,0,0,0,0,0,0,0,0,0,0,0,0,0,0,0,0,0,0,0,0,0,0,0,0,0,0,0,0,0,0,0,0,0,0,0,0,0,0,0,0,0,0,0,0,0,0,0,0,0,0,0,0,0,0,0,0,0,0,0,0,0,0,0,0,0,0,0,0,0,0,0,0,0,0,0,0,0,0,0,0,0,0,0,0,0,0,0,0,0,0,0,0,0,0,0,0,0,0,0,0,0,0,0,0,0,0,0,0,0,0,0,0,0,0,0,0,0,0,0,0,0,0,0,0,0,0,0,0,0,38220,0,0,0,0,0,0,0,0,0,0,429123,0,0,0,0,0,0,0,0,0,0,445512,0,0,0,0,0,0,0,0,0,0,475689,0,0,0,0,0,0,0,0,0,0,387230,0,0,0,0,0,0,0,0,0,0,272226,0,0,0,0,0,0,0,0,0,0
HEATMAP,12,16592106915301738621,heatmap:POSIX,UNKNOWN,UNKNOWN,0.100000,0,0,0,0,0,0,0,0,0,0,0,0,0,0,0,0,0,0,0,0,0,0,0,0,0,0,0,0,0,0,0,0,0,0,0,0,0,0,0,0,0,0,0,0,0,0,0,0,0,0,0,221184,618496,724992,483328,0,0,0,0,0,0,0,0,0,0,0,0,0,0,0,0,0,0,0,0,0,0,0,0,0,0,0,0,0,0,0,0,0,0,0,0,0,0,0,0,0,0,0,0,0,0,0,0,0,0,0,0,0,0,0,0,0,0,0,0,0,0,0,0,0,0,0,0,0,0,0,0,0,0,0,0,0,0,0,0,0,0,0,0,0,0,0,0,0,0,0,0,0,0,0,0,0,0,0,0,0,0,0,0,18985,20577,19684,26420,12742,6690,0,0,0,0,0,22118,0,0,0,0,0,0,0,0,0,0,17921,0,0,0,0,0,0,0,0,0,0,16493,0,0,0,0,0,0,0,0,0,0,19179,0,0,0,0,0,0,0,0,0,0,9561,0,0,0,0,0,0,0,20770,5121,13910,16288,0,7432,18796,14245,22901,27199,32674,21033,2932,22576,13713,0,17309,16167,21883,43653,20265,35738,25512,18660,13229,16536,3071,21820,14014,11761,16158,15203,30439,23790,9649,27098,32792,25601,17947,31525,29638,12783,33685,32922,16328,20048,25984,21997,31735,24756,11525,23322,15253,24600,21743,21711,14205,10730,13666,21767,14184,2428,22880,38347,20714,5138,21065,28036,7231,37321,18326,3586,25849,22368,31653,15804,20568,20548,20829,16185,28036,30081,36260,19344,17327,18401,39913,20249,21759,21831,13723,19838
HEATMAP,13,16592106915301738621,heatmap:POSIX,UNKNOWN,UNKNOWN,0.100000,0,0,0,0,0,0,0,0,0,0,0,0,0,0,0,0,0,0,0,0,0,0,0,0,0,0,0,0,0,0,0,0,0,0,0,0,0,0,0,0,0,0,0,0,0,0,0,0,0,0,0,213044,643020,856064,335872,0,0,0,0,0,0,0,0,0,0,0,0,0,0,0,0,0,0,0,0,0,0,0,0,0,0,0,0,0,0,0,0,0,0,0,0,0,0,0,0,0,0,0,0,0,0,0,0,0,0,0,0,0,0,0,0,0,0,0,0,0,0,0,0,0,0,0,0,0,0,0,0,0,0,0,0,0,0,0,0,0,0,0,0,0,0,0,0,0,0,0,0,0,0,0,0,0,0,0,0,0,0,0,0,13026,3929,26616,20291,4012,2507,32550,24407,16477,11775,15113,28440,17254,1944,536,536,536,536,536,536,6273,23031,11588,6629,23407,27429,11247,26346,15496,10193,11954,12160,9772,7337,4843,0,0,0,0,0,0,0,0,0,9336,0,0,0,0,0,0,0,0,0,0,1302,0,0,0,0,0,0,0,1302,1302,25860,14665,0,15857,14687,8642,19419,28765,18887,12119,11994,30376,7928,0,21654,25437,15348,8036,23863,13156,21915,18258,25277,26495,2512,2961,2019,20876,18341,4670,8824,26427,14232,25916,22505,15225,8384,15944,14304,12106,9133,22034,18577,18605,23139,22287,26181,12137,30905,12407,2948,22553,19010,8579,16487,26731,24312,19721,23039,16695,22295,17365,12207,18515,27685,9624,28435,35017,23130,28740,19716,25249,17477,11772,23621,25789,19295,17071,26833,23730,23237,7492,10918,21408,18119,27508,17559,19572,16429,10326
HEATMAP,14,16592106915301738621,heatmap:POSIX,UNKNOWN,UNKNOWN,0.100000,0,0,0,0,0,0,0,0,0,0,0,0,0,0,0,0,0,0,0,0,0,0,0,0,0,0,0,0,0,0,0,0,0,0,0,0,0,0,0,0,0,0,0,0,0,0,0,0,0,0,0,217088,495616,557056,585728,192512,0,0,0,0,0,0,0,0,0,0,0,0,0,0,0,0,0,0,0,0,0,0,0,0,0,0,0,0,0,0,0,0,0,0,0,0,0,0,0,0,0,0,0,0,0,0,0,0,0,0,0,0,0,0,0,0,0,0,0,0,0,0,0,0,0,0,0,0,0,0,0,0,0,0,0,0,0,0,0,0,0,0,0,0,0,0,0,0,0,0,0,0,0,0,0,0,0,0,0,0,0,0,0,10265,0,0,0,0,0,0,0,0,0,0,14471,0,0,0,0,0,0,0,0,0,0,23502,0,0,0,0,0,0,0,0,0,0,17346,0,0,0,0,0,0,0,0,0,0,32851,0,0,0,0,0,0,0,0,0,0,23589,0,0,0,0,0,0,0,23420,23650,42388,34346,0,32330,14010,56140,25874,30422,36692,19947,3341,28931,20016,0,22595,21631,16795,18341,27726,35300,25167,19334,4321,19604,4723,25970,3532,14092,26271,17402,23518,22493,16973,1677,1677,10966,24829,33022,8062,35561,22771,14335,46679,23294,13375,17594,20771,20437,30419,22428,16881,29899,23061,10284,11772,11647,28354,9833,13479,18215,14081,35539,31879,21906,17931,21446,19264,15386,29185,20231,31298,37155,28907,18842,11451,6883,2418,19616,22272,16946,32472,49166,22784,48374,37747,11333,9471,13376,0,0
HEATMAP,15,16592106915301738621,heatmap:POSIX,UNKNOWN,UNKNOWN,0.100000,0,0,0,0,0,0,0,0,0,0,0,0,0,0,0,0,0,0,0,0,0,0,0,0,0,0,0,0,0,0,0,0,0,0,0,0,0,0,0,0,0,0,0,0,0,0,0,0,0,0,0,235896,509576,647168,655360,0,0,0,0,0,0,0,0,0,0,0,0,0,0,0,0,0,0,0,0,0,0,0,0,0,0,0,0,0,0,0,0,0,0,0,0,0,0,0,0,0,0,0,0,0,0,0,0,0,0,0,0,0,0,0,0,0,0,0,0,0,0,0,0,0,0,0,0,0,0,0,0,0,0,0,0,0,0,0,0,0,0,0,0,0,0,0,0,0,0,0,0,0,0,0,0,0,0,0,0,0,0,0,0,22142,8788,15592,30163,15642,5651,25137,21638,7731,9904,17762,17939,19428,5536,17113,12292,16561,1001,1001,1001,9572,7494,13083,0,0,0,0,0,0,0,0,0,0,16640,0,0,0,0,0,0,0,0,0,0,19212,0,0,0,0,0,0,0,0,0,0,11779,0,0,0,0,0,0,0,28926,20447,11492,21033,0,17394,21435,32742,8849,34982,29510,15419,10542,16286,12516,0,40205,7666,8354,24166,19488,26023,23392,6166,22375,5995,3265,14823,4707,2374,1439,1439,8544,28649,3232,27160,15563,15044,11233,33552,18554,23688,22798,27648,19042,13880,8589,8006,25681,4574,23148,18038,22208,29452,8384,7920,35472,22840,18392,22026,35395,21678,8138,18362,26405,32162,15360,20163,6841,2199,27825,29775,33058,20314,19613,22792,30392,34957,28374,25275,10284,23281,38555,30972,24290,20436,5695,13198,21426,18056,5273,10887
HEATMAP,16,16592106915301738621,heatmap:POSIX,UNKNOWN,UNKNOWN,0.100000,0,0,0,0,0,0,0,0,0,0,0,0,0,0,0,0,0,0,0,0,0,0,0,0,0,0,0,0,0,0,0,0,0,0,0,0,0,0,0,0,0,0,0,0,0,0,0,0,0,0,0,233472,497223,670137,647168,0,0,0,0,0,0,0,0,0,0,0,0,0,0,0,0,0,0,0,0,0,0,0,0,0,0,0,0,0,0,0,0,0,0,0,0,0,0,0,0,0,0,0,0,0,0,0,0,0,0,0,0,0,0,0,0,0,0,0,0,0,0,0,0,0,0,0,0,0,0,0,0,0,0,0,0,0,0,0,0,0,0,0,0,0,0,0,0,0,0,0,0,0,0,0,0,0,0,0,0,0,0,0,0,22942,22955,13069,17743,1630,1630,14166,23180,22127,16525,7009,25272,431,431,431,431,431,431,431,431,13438,24272,23883,8005,41535,22935,23815,10541,8092,11499,13484,16327,7053,18405,0,0,0,0,0,0,0,0,0,0,27770,0,0,0,0,0,0,0,0,0,0,12025,0,0,0,0,0,0,0,16385,35270,16912,3647,0,9506,29165,28939,15345,32590,14491,10453,11394,13533,4024,0,11884,10972,34318,21132,18650,24122,15741,26915,28135,2288,4096,8058,20297,7653,13837,14395,16109,8720,16800,23591,14862,16289,6507,26983,25862,28894,17350,22020,3750,16950,20769,16730,25805,8951,7723,4915,17151,19718,20219,16731,31025,15730,30232,23848,28848,27159,15051,20168,16911,15637,18913,8299,14241,9683,10704,13672,3028,19800,50655,23437,25926,13870,21610,29929,9930,23292,15385,22635,7126,10779,5675,10139,19448,16251,15636,21004
HEATMAP,17,16592106915301738621,heatmap:POSIX,UNKNOWN,UNKNOWN,0.100000,0,0,0,0,0,0,0,0,0,0,0,0,0,0,0,0,0,0,0,0,0,0,0,0,0,0,0,0,0,0,0,0,0,0,0,0,0,0,0,0,0,0,0,0,0,0,0,0,0,0,0,154404,337116,442368,593920,520192,0,0,0,0,0,0,0,0,0,0,0,0,0,0,0,0,0,0,0,0,0,0,0,0,0,0,0,0,0,0,0,0,0,0,0,0,0,0,0,0,0,0,0,0,0,0,0,0,0,0,0,0,0,0,0,0,0,0,0,0,0,0,0,0,0,0,0,0,0,0,0,0,0,0,0,0,0,0,0,0,0,0,0,0,0,0,0,0,0,0,0,0,0,0,0,0,0,0,0,0,0,0,0,12644,16017,19370,14967,22261,27219,23649,22095,0,0,0,7830,0,0,0,0,0,0,0,0,0,0,3949,0,0,0,0,0,0,0,0,0,0,7732,0,0,0,0,0,0,0,0,0,0,26346,0,0,0,0,0,0,0,0,0,0,32269,0,0,0,0,0,0,0,28288,25701,31578,22895,0,35570,29650,16115,11868,17429,8532,1938,3263,10502,24189,0,7011,9603,30376,29428,12998,12323,26023,21040,11462,10670,1940,24120,12793,19515,15964,19251,19269,14470,19758,36400,14057,21480,19307,13933,12066,22632,23441,32274,26220,24583,4719,24848,8341,18597,9872,15156,16674,32588,36223,34432,2056,14079,22837,31876,27481,23763,14155,28217,22425,15420,17174,27041,33834,27874,22566,24755,11963,23567,32723,29257,20767,32239,13967,25594,8281,5966,21363,15259,28142,29525,21964,36342,11338,20109,24470,9888
HEATMAP,18,16592106915301738621,heatmap:POSIX,UNKNOWN,UNKNOWN,0.100000,0,0,0,0,0,0,0,0,0,0,0,0,0,0,0,0,0,0,0,0,0,0,0,0,0,0,0,0,0,0,0,0,0,0,0,0,0,0,0,0,0,0,0,0,0,0,0,0,0,0,0,225280,516096,847872,458752,0,0,0,0,0,0,0,0,0,0,0,0,0,0,0,0,0,0,0,0,0,0,0,0,0,0,0,0,0,0,0,0,0,0,0,0,0,0,0,0,0,0,0,0,0,0,0,0,0,0,0,0,0,0,0,0,0,0,0,0,0,0,0,0,0,0,0,0,0,0,0,0,0,0,0,0,0,0,0,0,0,0,0,0,0,0,0,0,0,0,0,0,0,0,0,0,0,0,0,0,0,0,0,0,21119,38599,7197,8037,13131,29437,0,0,0,0,0,22775,0,0,0,0,0,0,0,0,0,0,39617,0,0,0,0,0,0,0,0,0,0,13387,0,0,0,0,0,0,0,0,0,0,21443,0,0,0,0,0,0,0,0,0,0,22874,0,0,0,0,0,0,0,8660,27312,18550,18571,0,8288,8241,24174,22420,27455,23779,24210,7189,14075,14731,0,20544,17786,30524,9821,28289,35404,21677,25008,17963,25804,2163,3836,11880,18188,15880,21233,18227,6925,34184,16170,36076,9768,22223,14363,22273,19595,18691,7660,15449,28920,8174,38375,19820,13310,27467,16497,7294,15981,26649,21457,24986,22896,29247,17786,13883,24483,19411,29659,29864,26955,25586,18075,32361,30530,27362,11934,15724,19285,23792,15578,10954,28824,31459,23695,22218,24442,30225,20438,13377,17753,21862,22359,24326,26968,5363,7521
HEATMAP,19,16592106915301738621,heatmap:POSIX,UNKNOWN,UNKNOWN,0.100000,0,0,0,0,0,0,0,0,0,0,0,0,0,0,0,0,0,0,0,0,0,0,0,0,0,0,0,0,0,0,0,0,0,0,0,0,0,0,0,0,0,0,0,0,0,0,0,0,0,0,0,214968,469064,745472,618496,0,0,0,0,0,0,0,0,0,0,0,0,0,0,0,0,0,0,0,0,0,0,0,0,0,0,0,0,0,0,0,0,0,0,0,0,0,0,0,0,0,0,0,0,0,0,0,0,0,0,0,0,0,0,0,0,0,0,0,0,0,0,0,0,0,0,0,0,0,0,0,0,0,0,0,0,0,0,0,0,0,0,0,0,0,0,0,0,0,0,0,0,0,0,0,0,0,0,0,0,0,0,0,0,24569,17294,23423,16437,10644,2362,23166,5697,19716,27254,17523,16437,9251,10598,15087,672,672,672,672,672,8666,2616,9770,9654,20224,39814,12947,20297,19806,15656,5522,21382,0,23145,0,0,0,0,0,0,0,0,0,0,17410,0,0,0,0,0,0,0,0,0,0,10720,0,0,0,0,0,0,0,14898,18369,15100,24150,0,19334,13262,6291,16990,34662,32331,10767,10358,21139,28427,0,31354,13885,24897,15212,18706,20993,15980,27803,26400,7616,1027,1459,1230,1230,16050,22055,15775,17442,17248,20483,9994,13097,12306,9826,20772,9929,24906,19969,13660,3963,11236,33705,10000,29127,20469,8026,22276,27366,18057,33892,14825,18204,3904,12395,14476,4694,26648,19346,11590,29853,24725,25597,15061,13353,10337,14495,23581,15913,21444,23642,12079,11537,28808,13483,11573,16786,22134,7818,12605,26199,13129,23918,30907,14450,27855,14688
HEATMAP,2,16592106915301738621,heatmap:POSIX,UNKNOWN,UNKNOWN,0.100000,0,0,0,0,0,0,0,0,0,0,0,0,0,0,0,0,0,0,0,0,0,0,0,0,0,0,0,0,0,0,0,0,0,0,0,0,0,0,0,0,0,0,0,0,0,0,0,0,0,0,0,217088,561152,729088,540672,0,0,0,0,0,0,0,0,0,0,0,0,0,0,0,0,0,0,0,0,0,0,0,0,0,0,0,0,0,0,0,0,0,0,0,0,0,0,0,0,0,0,0,0,0,0,0,0,0,0,0,0,0,0,0,0,0,0,0,0,0,0,0,0,0,0,0,0,0,0,0,0,0,0,0,0,0,0,0,0,0,0,0,0,0,0,0,0,0,0,0,0,0,0,0,0,0,0,0,0,0,0,0,0,12989,10666,20250,14476,15575,2567,9460,33594,14142,1416,0,33912,0,0,0,0,0,0,0,0,0,0,23811,0,0,0,0,0,0,0,0,0,0,25998,0,0,0,0,0,0,0,0,0,0,2616,0,0,0,0,0,0,0,0,0,0,6955,0,0,0,0,0,0,0,17956,14315,15487,21608,0,13514,14231,25438,25296,12240,17559,16035,14013,24434,14674,0,29108,18553,16353,39615,9374,21779,38607,7786,31266,25194,2426,34521,16785,11366,41738,25750,10178,7537,15879,5353,23566,16572,9778,14018,26805,6747,20175,24834,13835,12420,7744,15968,23674,4407,19920,20107,23235,19375,23045,30063,15233,15721,12481,25653,32675,42160,10750,20680,16380,5670,13606,24117,12825,23768,27239,31829,36982,19633,32973,29331,24549,18525,36424,33305,12903,37523,15751,25248,20247,27183,14290,13453,7554,30136,21133,19386
HEATMAP,20,16592106915301738621,heatmap:POSIX,UNKNOWN,UNKNOWN,0.100000,0,0,0,0,0,0,0,0,0,0,0,0,0,0,0,0,0,0,0,0,0,0,0,0,0,0,0,0,0,0,0,0,0,0,0,0,0,0,0,0,0,0,0,0,0,0,0,0,0,0,0,237568,573440,860160,376832,0,0,0,0,0,0,0,0,0,0,0,0,0,0,0,0,0,0,0,0,0,0,0,0,0,0,0,0,0,0,0,0,0,0,0,0,0,0,0,0,0,0,0,0,0,0,0,0,0,0,0,0,0,0,0,0,0,0,0,0,0,0,0,0,0,0,0,0,0,0,0,0,0,0,0,0,0,0,0,0,0,0,0,0,0,0,0,0,0,0,0,0,0,0,0,0,0,0,0,0,0,0,0,0,16049,35887,23107,16206,15064,16029,39828,1520,0,0,0,33534,0,0,0,0,0,0,0,0,0,0,29681,0,0,0,0,0,0,0,0,0,0,8052,0,0,0,0,0,0,0,0,0,0,27745,0,0,0,0,0,0,0,0,0,0,11318,0,0,0,0,0,0,0,18740,16247,23873,21811,0,6884,15829,26379,38061,26991,17808,27192,24332,18308,13213,0,21707,27697,7822,19658,35035,31403,21301,10958,28063,24780,3742,23013,12358,16289,19016,10691,21103,9336,37502,5911,37110,16794,12405,15296,17793,24178,39560,8685,17184,20602,18247,5911,16986,3735,21734,25524,29137,21783,10633,16107,25180,19918,35320,2365,20659,12422,40272,6412,23251,35133,3987,6408,34704,13496,8370,21230,23405,14679,26990,17332,10394,18179,32670,25507,33486,16337,16472,24042,14794,17262,33208,27163,4545,11901,7497,26533
HEATMAP,21,16592106915301738621,heatmap:POSIX,UNKNOWN,UNKNOWN,0.100000,0,0,0,0,0,0,0,0,0,0,0,0,0,0,0,0,0,0,0,0,0,0,0,0,0,0,0,0,0,0,0,0,0,0,0,0,0,0,0,0,0,0,0,0,0,0,0,0,0,0,0,241664,454656,733184,618496,0,0,0,0,0,0,0,0,0,0,0,0,0,0,0,0,0,0,0,0,0,0,0,0,0,0,0,0,0,0,0,0,0,0,0,0,0,0,0,0,0,0,0,0,0,0,0,0,0,0,0,0,0,0,0,0,0,0,0,0,0,0,0,0,0,0,0,0,0,0,0,0,0,0,0,0,0,0,0,0,0,0,0,0,0,0,0,0,0,0,0,0,0,0,0,0,0,0,0,0,0,0,0,0,12830,25524,21560,25048,23486,14476,11312,21305,1772,0,0,20622,0,0,0,0,0,0,0,0,0,0,20119,0,0,0,0,0,0,0,0,0,0,6297,0,0,0,0,0,0,0,0,0,0,19032,0,0,0,0,0,0,0,0,0,0,23227,0,0,0,0,0,0,0,17690,14247,18273,16040,0,17806,25165,33869,14694,17623,20545,16567,13150,39687,37485,0,22011,22667,4616,23365,13783,10054,18438,18871,26774,19247,4042,34716,17958,21197,16198,16784,18081,22067,33427,19907,17023,23914,12784,12913,5333,23128,12562,8653,10288,29237,17574,13343,10574,22278,5490,15454,24303,27284,32235,20535,9908,2318,16048,16985,5345,19751,4953,21245,23738,25194,15502,21819,9852,31626,27274,24982,25633,16503,17964,19465,23657,36170,30747,15063,24636,28732,39866,17063,26493,32768,38865,17018,28996,19238,22047,11977
HEATMAP,22,16592106915301738621,heatmap:POSIX,UNKNOWN,UNKNOWN,0.100000,0,0,0,0,0,0,0,0,0,0,0,0,0,0,0,0,0,0,0,0,0,0,0,0,0,0,0,0,0,0,0,0,0,0,0,0,0,0,0,0,0,0,0,0,0,0,0,0,0,0,0,244105,534135,790528,479232,0,0,0,0,0,0,0,0,0,0,0,0,0,0,0,0,0,0,0,0,0,0,0,0,0,0,0,0,0,0,0,0,0,0,0,0,0,0,0,0,0,0,0,0,0,0,0,0,0,0,0,0,0,0,0,0,0,0,0,0,0,0,0,0,0,0,0,0,0,0,0,0,0,0,0,0,0,0,0,0,0,0,0,0,0,0,0,0,0,0,0,0,0,0,0,0,0,0,0,0,0,0,0,0,11302,19331,28242,10029,6760,21630,11579,16692,21782,26646,38772,27430,2643,474,474,474,474,474,474,474,10792,16688,37033,12834,17353,0,0,0,0,0,0,0,0,16265,0,0,0,0,0,0,0,0,0,0,9181,0,0,0,0,0,0,0,0,0,0,3014,0,0,0,0,0,0,0,7290,18140,15545,7646,0,18052,26620,11856,11168,7411,24440,19326,6357,18665,15172,0,10343,37492,10572,34507,11465,26096,7700,17817,10518,6986,3437,14379,15509,19840,10179,5258,12596,19148,11561,4989,4199,7646,10754,47242,20337,11719,19819,29537,26158,21086,18219,15891,18844,8790,11614,16489,21688,23055,19686,15588,4559,21067,13691,19131,28368,15265,28123,18921,14750,16341,28447,33824,21815,17037,12498,20351,29139,21751,21578,43278,3829,19634,16431,35368,22419,28931,39119,20334,27159,8192,19834,39414,18652,24343,15774,42876
HEATMAP,23,16592106915301738621,heatmap:POSIX,UNKNOWN,UNKNOWN,0.100000,0,0,0,0,0,0,0,0,0,0,0,0,0,0,0,0,0,0,0,0,0,0,0,0,0,0,0,0,0,0,0,0,0,0,0,0,0,0,0,0,0,0,0,0,0,0,0,0,0,0,0,216004,599100,872448,360448,0,0,0,0,0,0,0,0,0,0,0,0,0,0,0,0,0,0,0,0,0,0,0,0,0,0,0,0,0,0,0,0,0,0,0,0,0,0,0,0,0,0,0,0,0,0,0,0,0,0,0,0,0,0,0,0,0,0,0,0,0,0,0,0,0,0,0,0,0,0,0,0,0,0,0,0,0,0,0,0,0,0,0,0,0,0,0,0,0,0,0,0,0,0,0,0,0,0,0,0,0,0,0,0,9188,28899,18844,18429,14820,2235,9626,8937,19261,37873,26956,23250,4672,7066,3753,5747,0,0,0,0,0,0,4594,0,0,0,0,0,0,0,0,0,0,11688,0,0,0,0,0,0,0,0,0,0,22651,0,0,0,0,0,0,0,0,0,0,12142,0,0,0,0,0,0,0,19541,23536,19270,9695,0,27704,17970,22236,19788,19511,21156,23533,9372,10245,9310,0,18158,40298,10220,26639,23215,10497,5003,20585,8711,22678,3799,5744,32206,22064,6446,23188,42288,26447,17142,33983,17594,17985,17095,17208,9426,2485,22863,17658,19012,21782,9878,16666,9274,9609,31048,24199,11564,39213,23361,7270,37286,12983,27031,9224,41217,35644,17394,8842,26898,24138,35177,17889,7288,17554,25467,33734,24223,16602,36009,25358,22097,11037,21654,30261,15594,26870,24247,4232,5717,23569,13214,21146,17881,17513,7508,17504
HEATMAP,24,16592106915301738621,heatmap:POSIX,UNKNOWN,UNKNOWN,0.100000,0,0,0,0,0,0,0,0,0,0,0,0,0,0,0,0,0,0,0,0,0,0,0,0,0,0,0,0,0,0,0,0,0,0,0,0,0,0,0,0,0,0,0,0,0,0,0,0,0,0,0,225619,503469,729088,589824,0,0,0,0,0,0,0,0,0,0,0,0,0,0,0,0,0,0,0,0,0,0,0,0,0,0,0,0,0,0,0,0,0,0,0,0,0,0,0,0,0,0,0,0,0,0,0,0,0,0,0,0,0,0,0,0,0,0,0,0,0,0,0,0,0,0,0,0,0,0,0,0,0,0,0,0,0,0,0,0,0,0,0,0,0,0,0,0,0,0,0,0,0,0,0,0,0,0,0,0,0,0,0,0,2747,18846,24466,22419,21576,22366,18123,4885,0,0,0,19631,0,0,0,0,0,0,0,0,0,0,6786,0,0,0,0,0,0,0,0,0,0,2265,0,0,0,0,0,0,0,0,0,0,17828,0,0,0,0,0,0,0,0,0,0,29006,0,0,0,0,0,0,0,32859,13744,23818,12114,0,20957,30854,3312,16884,21747,9692,19068,17305,26636,19878,0,16384,10713,18411,7017,12257,10588,25824,13533,2658,5350,3392,40365,24998,35271,30768,15537,14028,15618,6417,20952,17584,30361,12246,11961,18770,31934,29751,34355,20100,21431,20340,16674,24704,17393,15387,24804,10895,6943,36057,22569,29364,11599,22112,27253,13155,15615,9409,22625,21435,9833,23421,16859,28481,17338,28946,29647,9909,16646,25002,35347,14945,22515,14809,23846,42632,29734,29270,28143,21747,20816,30288,27672,20952,30753,20460,21272
HEATMAP,25,16592106915301738621,heatmap:POSIX,UNKNOWN,UNKNOWN,0.100000,0,0,0,0,0,0,0,0,0,0,0,0,0,0,0,0,0,0,0,0,0,0,0,0,0,0,0,0,0,0,0,0,0,0,0,0,0,0,0,0,0,0,0,0,0,0,0,0,0,0,0,200312,382273,498759,651264,315392,0,0,0,0,0,0,0,0,0,0,0,0,0,0,0,0,0,0,0,0,0,0,0,0,0,0,0,0,0,0,0,0,0,0,0,0,0,0,0,0,0,0,0,0,0,0,0,0,0,0,0,0,0,0,0,0,0,0,0,0,0,0,0,0,0,0,0,0,0,0,0,0,0,0,0,0,0,0,0,0,0,0,0,0,0,0,0,0,0,0,0,0,0,0,0,0,0,0,0,0,0,0,0,9499,2123,0,0,0,0,0,0,0,0,0,10582,0,0,0,0,0,0,0,0,0,0,8178,0,0,0,0,0,0,0,0,0,0,7344,0,0,0,0,0,0,0,0,0,0,9064,0,0,0,0,0,0,0,0,0,0,20304,0,0,0,0,0,0,0,5769,14379,27760,18727,0,29821,18940,33941,28800,15126,21728,12949,6912,25891,12045,0,27585,29971,7610,3274,15680,24296,22905,21337,23159,8685,4179,4809,6617,11636,17101,5125,9094,22589,24071,25072,28672,33262,12726,28446,6140,9855,30425,29708,32597,26349,20362,14968,29794,28190,19488,43454,36380,35851,53835,36660,30687,28468,23545,9126,21778,9568,26728,29902,6832,28782,45909,25961,24113,9157,6564,32815,13207,21750,30172,26184,15239,34676,40325,28303,15415,1885,29215,17179,33256,29403,17913,21689,34511,31556,3524,30824
HEATMAP,26,16592106915301738621,heatmap:POSIX,UNKNOWN,UNKNOWN,0.100000,0,0,0,0,0,0,0,0,0,0,0,0,0,0,0,0,0,0,0,0,0,0,0,0,0,0,0,0,0,0,0,0,0,0,0,0,0,0,0,0,0,0,0,0,0,0,0,0,0,0,0,232901,541243,745472,528384,0,0,0,0,0,0,0,0,0,0,0,0,0,0,0,0,0,0,0,0,0,0,0,0,0,0,0,0,0,0,0,0,0,0,0,0,0,0,0,0,0,0,0,0,0,0,0,0,0,0,0,0,0,0,0,0,0,0,0,0,0,0,0,0,0,0,0,0,0,0,0,0,0,0,0,0,0,0,0,0,0,0,0,0,0,0,0,0,0,0,0,0,0,0,0,0,0,0,0,0,0,0,0,0,12893,21133,9204,19373,26812,34477,13634,11792,15098,21205,9095,16853,21572,14244,5399,19827,22616,11520,15247,2708,6872,16397,21603,22084,24390,0,0,0,0,0,0,0,0,15405,0,0,0,0,0,0,0,0,0,0,28414,0,0,0,0,0,0,0,0,0,0,5469,0,0,0,0,0,0,0,2817,26023,11962,18764,0,24752,25933,29911,24119,15043,13126,6955,15286,17120,16466,0,16273,16816,7666,26649,14569,32660,21582,21094,6753,25441,6149,11377,12246,20111,19460,26926,7520,8941,27797,22843,29022,18258,6945,1631,3446,16424,24304,11068,14357,18856,19239,23047,20364,26631,19805,27357,19335,15994,28840,18380,13325,18300,4569,12227,26882,24559,21135,12908,18939,14496,26016,5354,14897,26067,11630,9600,26113,2449,15819,24433,12973,31072,12024,17999,28038,20234,9684,13263,15343,25656,14316,15557,13594,27082,13643,18014
HEATMAP,27,16592106915301738621,heatmap:POSIX,UNKNOWN,UNKNOWN,0.100000,0,0,0,0,0,0,0,0,0,0,0,0,0,0,0,0,0,0,0,0,0,0,0,0,0,0,0,0,0,0,0,0,0,0,0,0,0,0,0,0,0,0,0,0,0,0,0,0,0,0,0,212992,450560,704512,651264,28672,0,0,0,0,0,0,0,0,0,0,0,0,0,0,0,0,0,0,0,0,0,0,0,0,0,0,0,0,0,0,0,0,0,0,0,0,0,0,0,0,0,0,0,0,0,0,0,0,0,0,0,0,0,0,0,0,0,0,0,0,0,0,0,0,0,0,0,0,0,0,0,0,0,0,0,0,0,0,0,0,0,0,0,0,0,0,0,0,0,0,0,0,0,0,0,0,0,0,0,0,0,0,0,15230,29103,16693,17217,16496,24101,0,0,0,0,0,3117,0,0,0,0,0,0,0,0,0,0,28290,0,0,0,0,0,0,0,0,0,0,18817,0,0,0,0,0,0,0,0,0,0,14581,0,0,0,0,0,0,0,0,0,0,8722,0,0,0,0,0,0,0,1892,2618,23148,40134,0,27315,5701,10323,7089,23283,34147,12118,20842,24214,12139,0,32277,28015,9236,18857,16513,13345,13983,5890,24818,19983,5484,7139,5540,20410,28577,10245,21862,18989,1986,6435,24448,27534,17132,20665,19480,21243,7199,25161,8226,21068,19432,23154,14122,29665,34823,15548,22186,37883,16304,28396,20289,26874,22496,27259,34365,10295,22629,35551,36097,27088,12562,14093,22436,25667,16660,33278,42521,24832,24065,26506,12333,17366,16207,36225,16237,25632,33708,29228,31195,16765,26825,50782,16143,8468,11454,13286
HEATMAP,28,16592106915301738621,heatmap:POSIX,UNKNOWN,UNKNOWN,0.100000,0,0,0,0,0,0,0,0,0,0,0,0,0,0,0,0,0,0,0,0,0,0,0,0,0,0,0,0,0,0,0,0,0,0,0,0,0,0,0,0,0,0,0,0,0,0,0,0,0,0,0,225280,512000,839680,471040,0,0,0,0,0,0,0,0,0,0,0,0,0,0,0,0,0,0,0,0,0,0,0,0,0,0,0,0,0,0,0,0,0,0,0,0,0,0,0,0,0,0,0,0,0,0,0,0,0,0,0,0,0,0,0,0,0,0,0,0,0,0,0,0,0,0,0,0,0,0,0,0,0,0,0,0,0,0,0,0,0,0,0,0,0,0,0,0,0,0,0,0,0,0,0,0,0,0,0,0,0,0,0,0,19804,21687,30327,31171,11692,30205,10014,22407,7279,0,0,24452,0,0,0,0,0,0,0,0,0,0,15015,0,0,0,0,0,0,0,0,0,0,9260,0,0,0,0,0,0,0,0,0,0,34773,0,0,0,0,0,0,0,0,0,0,14098,0,0,0,0,0,0,0,9105,27570,23209,18397,0,8891,11830,34372,5579,20534,28794,24204,13249,12824,26000,0,19011,18452,17827,10484,29259,30769,23251,27514,17435,22086,4327,6015,7247,18884,12372,9805,6077,4356,28340,20976,28210,3017,24048,27514,10527,28671,28411,11105,31725,29338,15609,19984,11104,12598,34569,14311,28007,16479,10633,35398,15148,16577,17766,20618,23842,3041,17602,2737,22582,30244,21112,19904,20728,12686,24374,8837,17064,20835,28475,25233,32924,10236,26469,22263,20130,17935,41043,31589,9709,22221,33162,20529,37886,9508,16100,24405
HEATMAP,29,16592106915301738621,heatmap:POSIX,UNKNOWN,UNKNOWN,0.100000,0,0,0,0,0,0,0,0,0,0,0,0,0,0,0,0,0,0,0,0,0,0,0,0,0,0,0,0,0,0,0,0,0,0,0,0,0,0,0,0,0,0,0,0,0,0,0,0,0,0,0,241266,577934,872448,356352,0,0,0,0,0,0,0,0,0,0,0,0,0,0,0,0,0,0,0,0,0,0,0,0,0,0,0,0,0,0,0,0,0,0,0,0,0,0,0,0,0,0,0,0,0,0,0,0,0,0,0,0,0,0,0,0,0,0,0,0,0,0,0,0,0,0,0,0,0,0,0,0,0,0,0,0,0,0,0,0,0,0,0,0,0,0,0,0,0,0,0,0,0,0,0,0,0,0,0,0,0,0,0,0,13559,28308,19635,9848,23895,19422,15428,11292,22187,25410,30301,19414,6234,5595,8829,689,689,689,689,689,472,0,13571,0,0,0,0,0,0,0,0,0,0,12040,0,0,0,0,0,0,0,0,0,0,26382,0,0,0,0,0,0,0,0,0,0,10364,0,0,0,0,0,0,0,19622,4686,22171,24181,0,17282,26351,23692,6698,2280,13499,24048,9981,8246,17071,0,21168,21184,22578,20787,18598,12589,5069,13204,29625,12769,9711,3608,9791,18713,7779,11685,19988,4015,7158,16652,23358,44107,35869,22773,9438,20687,33157,20324,22271,32053,25428,29668,23332,26554,11927,15984,32245,36709,20913,8202,30198,10611,19479,14060,12313,12822,16083,15510,25731,18399,28752,21040,26271,16494,15817,11539,13371,9165,30583,26969,19713,14031,24426,14349,25921,27121,28347,21929,24370,22491,36063,23243,2076,24573,12060,24970
HEATMAP,3,16592106915301738621,heatmap:POSIX,UNKNOWN,UNKNOWN,0.100000,0,0,0,0,0,0,0,0,0,0,0,0,0,0,0,0,0,0,0,0,0,0,0,0,0,0,0,0,0,0,0,0,0,0,0,0,0,0,0,0,0,0,0,0,0,0,0,0,0,0,0,213702,499002,630784,704512,0,0,0,0,0,0,0,0,0,0,0,0,0,0,0,0,0,0,0,0,0,0,0,0,0,0,0,0,0,0,0,0,0,0,0,0,0,0,0,0,0,0,0,0,0,0,0,0,0,0,0,0,0,0,0,0,0,0,0,0,0,0,0,0,0,0,0,0,0,0,0,0,0,0,0,0,0,0,0,0,0,0,0,0,0,0,0,0,0,0,0,0,0,0,0,0,0,0,0,0,0,0,0,0,12110,18894,8700,21661,1986,1854,35291,11895,15377,19357,39341,12592,1619,0,0,0,0,0,0,0,0,0,33311,0,0,0,0,0,0,0,0,0,0,7678,0,0,0,0,0,0,0,0,0,0,11429,0,0,0,0,0,0,0,0,0,0,22850,0,0,0,0,0,0,0,27916,32397,33665,8440,0,12202,7076,37289,39393,20930,37984,40185,25795,18904,29952,0,8265,12731,16111,7170,12834,24847,23058,25203,14473,11124,4096,21439,17130,29220,20830,21921,3316,7243,18700,28181,38478,22161,17487,8535,21593,24316,21500,12305,5093,16702,10326,22043,16614,28554,25184,10830,2759,14152,11466,14293,28433,3457,2073,24479,25265,23844,18992,9202,16656,35787,16992,19877,27970,28658,23256,16205,27418,29317,18160,13946,20805,19336,14553,18453,11546,23172,37868,15097,17239,25090,2772,16727,22393,9212,35318,28075
HEATMAP,30,16592106915301738621,heatmap:POSIX,UNKNOWN,UNKNOWN,0.100000,0,0,0,0,0,0,0,0,0,0,0,0,0,0,0,0,0,0,0,0,0,0,0,0,0,0,0,0,0,0,0,0,0,0,0,0,0,0,0,0,0,0,0,0,0,0,0,0,0,0,0,183893,491947,761856,610304,0,0,0,0,0,0,0,0,0,0,0,0,0,0,0,0,0,0,0,0,0,0,0,0,0,0,0,0,0,0,0,0,0,0,0,0,0,0,0,0,0,0,0,0,0,0,0,0,0,0,0,0,0,0,0,0,0,0,0,0,0,0,0,0,0,0,0,0,0,0,0,0,0,0,0,0,0,0,0,0,0,0,0,0,0,0,0,0,0,0,0,0,0,0,0,0,0,0,0,0,0,0,0,0,16985,11482,29147,0,0,0,0,0,0,0,0,20648,0,0,0,0,0,0,0,0,0,0,23211,0,0,0,0,0,0,0,0,0,0,23572,0,0,0,0,0,0,0,0,0,0,15986,0,0,0,0,0,0,0,0,0,0,16164,0,0,0,0,0,0,0,2666,21720,57786,20188,0,6567,11501,29603,34648,18918,12565,19681,15635,14944,8718,0,16443,24116,19794,33020,22202,32316,26753,21452,22057,18293,760,22075,24717,12148,10710,16541,6145,28215,30229,23812,14072,24717,10411,21458,10205,2784,11543,16261,8088,16280,20948,12247,19024,27573,27383,46691,19181,32603,29645,25414,27373,27269,35364,21584,7488,14524,23209,33520,9320,30223,38138,2724,7641,52186,10863,34070,16744,43086,31638,28315,14712,17908,23170,30164,11327,20587,13068,26115,10651,7219,24090,15246,23561,26775,22127,25340
HEATMAP,31,16592106915301738621,heatmap:POSIX,UNKNOWN,UNKNOWN,0.100000,0,0,0,0,0,0,0,0,0,0,0,0,0,0,0,0,0,0,0,0,0,0,0,0,0,0,0,0,0,0,0,0,0,0,0,0,0,0,0,0,0,0,0,0,0,0,0,0,0,0,0,217088,516096,688128,626688,0,0,0,0,0,0,0,0,0,0,0,0,0,0,0,0,0,0,0,0,0,0,0,0,0,0,0,0,0,0,0,0,0,0,0,0,0,0,0,0,0,0,0,0,0,0,0,0,0,0,0,0,0,0,0,0,0,0,0,0,0,0,0,0,0,0,0,0,0,0,0,0,0,0,0,0,0,0,0,0,0,0,0,0,0,0,0,0,0,0,0,0,0,0,0,0,0,0,0,0,0,0,0,0,15640,9174,1376,1376,19226,10911,7613,18164,17185,17561,404,8800,404,404,404,404,404,404,404,404,10213,14218,10399,37624,39284,23138,31601,3846,11791,20090,9173,0,0,11965,0,0,0,0,0,0,0,0,0,0,18762,0,0,0,0,0,0,0,0,0,0,15032,0,0,0,0,0,0,0,9544,35949,16190,15727,0,19423,22392,28097,24756,14521,29457,35670,7718,8694,23327,0,16986,20194,18054,43013,7943,18347,12996,26249,17945,21662,2315,26880,1851,1851,15434,15036,6134,18506,13111,16860,33813,9973,19232,7483,10610,5499,11848,6044,19931,17766,21320,24726,2833,26930,8520,23756,10870,2149,19617,23346,10547,14158,24236,12054,12990,20546,12962,26993,22644,34675,23588,11826,3473,22116,15348,23007,19875,31161,27950,33907,20470,20074,22465,25143,20710,14747,18392,17577,24124,26370,23705,19097,13221,33750,22383,14820
HEATMAP,32,16592106915301738621,heatmap:POSIX,UNKNOWN,UNKNOWN,0.100000,0,0,0,0,0,0,0,0,0,0,0,0,0,0,0,0,0,0,0,0,0,0,0,0,0,0,0,0,0,0,0,0,0,0,0,0,0,0,0,0,0,0,0,0,0,0,0,0,0,0,0,233912,523848,737280,552960,0,0,0,0,0,0,0,0,0,0,0,0,0,0,0,0,0,0,0,0,0,0,0,0,0,0,0,0,0,0,0,0,0,0,0,0,0,0,0,0,0,0,0,0,0,0,0,0,0,0,0,0,0,0,0,0,0,0,0,0,0,0,0,0,0,0,0,0,0,0,0,0,0,0,0,0,0,0,0,0,0,0,0,0,0,0,0,0,0,0,0,0,0,0,0,0,0,0,0,0,0,0,0,0,9947,23396,24673,21885,2850,7075,27996,15917,6541,12440,24164,31276,17502,4779,10883,19588,12538,14764,20473,7880,12288,26531,19853,23807,23783,3703,0,0,0,0,0,0,0,2796,0,0,0,0,0,0,0,0,0,0,1807,0,0,0,0,0,0,0,0,0,0,10003,0,0,0,0,0,0,0,19448,27227,18573,20418,0,12208,15819,22753,22017,19773,15992,17119,27605,29529,24543,0,12764,10114,2114,14060,27257,25541,17286,22938,26151,5012,12379,4304,4406,24041,13977,20680,2460,21994,32429,15468,9427,17994,14470,11145,13377,18268,21725,5072,14876,12918,12492,14414,29171,6697,11917,14368,7738,34150,14455,8932,17265,6293,27538,17305,19137,2943,5451,17409,14076,29387,20480,17143,12409,3044,32065,3186,4819,24722,23517,34906,23270,25643,29215,19421,25210,29476,31770,35702,45236,14853,16778,16597,27145,2738,14769,13938
HEATMAP,33,16592106915301738621,heatmap:POSIX,UNKNOWN,UNKNOWN,0.100000,0,0,0,0,0,0,0,0,0,0,0,0,0,0,0,0,0,0,0,0,0,0,0,0,0,0,0,0,0,0,0,0,0,0,0,0,0,0,0,0,0,0,0,0,0,0,0,0,0,0,0,151043,332285,319488,548864,696320,0,0,0,0,0,0,0,0,0,0,0,0,0,0,0,0,0,0,0,0,0,0,0,0,0,0,0,0,0,0,0,0,0,0,0,0,0,0,0,0,0,0,0,0,0,0,0,0,0,0,0,0,0,0,0,0,0,0,0,0,0,0,0,0,0,0,0,0,0,0,0,0,0,0,0,0,0,0,0,0,0,0,0,0,0,0,0,0,0,0,0,0,0,0,0,0,0,0,0,0,0,0,0,22690,1642,15356,13465,22514,5572,23031,18010,40706,8786,9007,23947,0,0,0,0,0,0,0,0,0,0,15048,0,0,0,0,0,0,0,0,0,0,9671,0,0,0,0,0,0,0,0,0,0,16114,0,0,0,0,0,0,0,0,0,0,15468,0,0,0,0,0,0,0,25182,31713,15015,18374,0,29732,13036,20041,14714,3167,25561,20879,6000,14858,16588,0,27163,16959,2215,14151,3495,18450,27303,25764,36896,24582,2541,7653,16929,7626,12164,17124,20815,24440,26538,26203,25595,15900,14220,14242,35137,2513,15800,14773,16572,1857,5327,24799,21644,14958,16161,29527,20094,38487,21272,17234,10202,9115,28822,14454,10327,29349,15802,35028,18921,16713,20014,21043,36101,19855,2251,41876,16059,19140,31478,31800,18831,31537,22351,25498,6456,25193,26903,21250,14311,51372,27110,13748,49200,15734,27505,1642
HEATMAP,34,16592106915301738621,heatmap:POSIX,UNKNOWN,UNKNOWN,0.100000,0,0,0,0,0,0,0,0,0,0,0,0,0,0,0,0,0,0,0,0,0,0,0,0,0,0,0,0,0,0,0,0,0,0,0,0,0,0,0,0,0,0,0,0,0,0,0,0,0,0,0,232237,505043,753664,557056,0,0,0,0,0,0,0,0,0,0,0,0,0,0,0,0,0,0,0,0,0,0,0,0,0,0,0,0,0,0,0,0,0,0,0,0,0,0,0,0,0,0,0,0,0,0,0,0,0,0,0,0,0,0,0,0,0,0,0,0,0,0,0,0,0,0,0,0,0,0,0,0,0,0,0,0,0,0,0,0,0,0,0,0,0,0,0,0,0,0,0,0,0,0,0,0,0,0,0,0,0,0,0,0,11447,34261,32949,22421,1468,1468,11213,25511,17016,20791,413,8539,413,413,413,413,413,413,413,413,18255,23078,3357,49177,36702,0,0,0,0,0,0,0,0,1970,0,0,0,0,0,0,0,0,0,0,11547,0,0,0,0,0,0,0,0,0,0,25751,0,0,0,0,0,0,0,3256,17899,16492,2820,0,24518,18751,10292,22302,4854,5267,26185,11170,12260,34843,0,24154,22795,14999,24167,19151,21689,19915,12916,11698,10372,2042,14735,13617,24818,8042,8821,13373,13470,23751,17048,21672,15675,16640,20340,31360,15798,15645,10993,14527,4255,5331,8642,19606,18116,10870,21902,24736,14503,11262,17165,17313,10618,19304,9480,18171,16087,11605,35526,28793,25784,24043,35605,32513,27568,9165,21540,25105,27570,18516,9324,48140,23985,24025,20405,15551,24815,51196,22890,18760,30816,3468,8932,34224,28511,26489,30007
HEATMAP,35,16592106915301738621,heatmap:POSIX,UNKNOWN,UNKNOWN,0.100000,0,0,0,0,0,0,0,0,0,0,0,0,0,0,0,0,0,0,0,0,0,0,0,0,0,0,0,0,0,0,0,0,0,0,0,0,0,0,0,0,0,0,0,0,0,0,0,0,0,0,0,217294,524082,864256,442368,0,0,0,0,0,0,0,0,0,0,0,0,0,0,0,0,0,0,0,0,0,0,0,0,0,0,0,0,0,0,0,0,0,0,0,0,0,0,0,0,0,0,0,0,0,0,0,0,0,0,0,0,0,0,0,0,0,0,0,0,0,0,0,0,0,0,0,0,0,0,0,0,0,0,0,0,0,0,0,0,0,0,0,0,0,0,0,0,0,0,0,0,0,0,0,0,0,0,0,0,0,0,0,0,3607,29921,14449,14658,31763,14860,21125,12664,21022,20277,20480,31200,0,0,0,0,0,0,0,0,0,0,14345,0,0,0,0,0,0,0,0,0,0,4620,0,0,0,0,0,0,0,0,0,0,1745,0,0,0,0,0,0,0,0,0,0,1745,0,0,0,0,0,0,0,14505,27954,21343,15273,0,36953,29852,24490,16260,25702,27002,18364,14449,14174,16027,0,25975,14788,18120,42135,10997,40432,13753,34247,18284,5042,4228,35030,24588,19506,9725,2936,7363,3146,5359,22638,15406,21725,20235,22699,10015,24080,24167,13214,32977,7947,4977,27424,32660,18778,6147,21414,12362,39215,3699,10593,8811,23029,32768,19912,25060,12139,34679,30051,8202,22223,12337,2173,11154,33502,25793,36954,23399,27185,18934,23968,23410,32118,16168,21021,13798,22658,18564,33121,24749,20631,16133,10841,18389,14691,18108,22471
HEATMAP,36,16592106915301738621,heatmap:POSIX,UNKNOWN,UNKNOWN,0.100000,0,0,0,0,0,0,0,0,0,0,0,0,0,0,0,0,0,0,0,0,0,0,0,0,0,0,0,0,0,0,0,0,0,0,0,0,0,0,0,0,0,0,0,0,0,0,0,0,0,0,0,200958,491266,778240,577536,0,0,0,0,0,0,0,0,0,0,0,0,0,0,0,0,0,0,0,0,0,0,0,0,0,0,0,0,0,0,0,0,0,0,0,0,0,0,0,0,0,0,0,0,0,0,0,0,0,0,0,0,0,0,0,0,0,0,0,0,0,0,0,0,0,0,0,0,0,0,0,0,0,0,0,0,0,0,0,0,0,0,0,0,0,0,0,0,0,0,0,0,0,0,0,0,0,0,0,0,0,0,0,0,11193,14744,19741,1170,1170,1170,14868,23328,24434,36413,29780,6298,23249,26302,35138,0,0,0,0,0,0,0,2054,0,0,0,0,0,0,0,0,0,0,7796,0,0,0,0,0,0,0,0,0,0,18858,0,0,0,0,0,0,0,0,0,0,12775,0,0,0,0,0,0,0,13980,21097,16137,18468,0,16569,26807,27904,29968,34181,22486,25318,12205,14212,23849,0,17514,20235,33358,38205,6746,21499,31934,19096,19964,22995,2311,7624,13798,25219,21523,11949,9202,11562,19569,23133,29969,5534,29817,23097,5973,7306,5611,23304,15426,17604,14986,2639,33115,18582,29874,30410,3450,18264,19349,12962,10320,4129,11100,21227,33491,29649,39972,18921,12796,15399,12639,7761,1552,1551,3216,28970,15579,30008,29774,29458,26395,19328,39464,21430,13007,20614,16763,25101,39934,26550,5241,10515,30603,23815,13822,19536
HEATMAP,37,16592106915301738621,heatmap:POSIX,UNKNOWN,UNKNOWN,0.100000,0,0,0,0,0,0,0,0,0,0,0,0,0,0,0,0,0,0,0,0,0,0,0,0,0,0,0,0,0,0,0,0,0,0,0,0,0,0,0,0,0,0,0,0,0,0,0,0,0,0,0,212992,540672,770048,524288,0,0,0,0,0,0,0,0,0,0,0,0,0,0,0,0,0,0,0,0,0,0,0,0,0,0,0,0,0,0,0,0,0,0,0,0,0,0,0,0,0,0,0,0,0,0,0,0,0,0,0,0,0,0,0,0,0,0,0,0,0,0,0,0,0,0,0,0,0,0,0,0,0,0,0,0,0,0,0,0,0,0,0,0,0,0,0,0,0,0,0,0,0,0,0,0,0,0,0,0,0,0,0,0,4593,19415,22517,13354,24275,27234,47104,17045,14746,1576,1576,7578,13940,6970,8653,0,0,0,0,0,0,0,14011,0,0,0,0,0,0,0,0,0,0,23132,0,0,0,0,0,0,0,0,0,0,17395,0,0,0,0,0,0,0,0,0,0,5515,0,0,0,0,0,0,0,3532,9544,14068,21802,0,33906,20834,14038,30315,19524,41023,9151,5385,22203,10295,0,16604,14946,6556,29855,14854,26680,16839,30701,5070,28090,8192,6901,13459,32819,12450,5849,11964,22308,17388,12624,26054,23876,29328,20484,18443,28021,23082,23628,21925,40844,5692,2373,17202,17912,10832,23312,15185,18166,16347,25551,9128,6131,23937,5762,32203,20879,25378,15730,18095,23886,28027,29177,24284,34086,7200,25397,34175,23813,34407,13203,23287,12426,23386,15527,28080,14162,37482,24913,3719,31898,28093,13123,18131,10026,22237,17957
HEATMAP,38,16592106915301738621,heatmap:POSIX,UNKNOWN,UNKNOWN,0.100000,0,0,0,0,0,0,0,0,0,0,0,0,0,0,0,0,0,0,0,0,0,0,0,0,0,0,0,0,0,0,0,0,0,0,0,0,0,0,0,0,0,0,0,0,0,0,0,0,0,0,0,241664,577536,856064,372736,0,0,0,0,0,0,0,0,0,0,0,0,0,0,0,0,0,0,0,0,0,0,0,0,0,0,0,0,0,0,0,0,0,0,0,0,0,0,0,0,0,0,0,0,0,0,0,0,0,0,0,0,0,0,0,0,0,0,0,0,0,0,0,0,0,0,0,0,0,0,0,0,0,0,0,0,0,0,0,0,0,0,0,0,0,0,0,0,0,0,0,0,0,0,0,0,0,0,0,0,0,0,0,0,14889,16606,17661,28915,7252,1891,20055,9143,25891,23886,36271,10937,31446,8322,17853,14284,18900,2804,6388,2568,21155,22889,18176,28208,22069,32008,22359,2938,12327,0,0,0,0,15354,0,0,0,0,0,0,0,0,0,0,20059,0,0,0,0,0,0,0,0,0,0,21025,0,0,0,0,0,0,0,17415,25902,31005,31421,0,14222,16309,21323,35233,18949,1776,1824,8453,20934,14628,0,32582,18553,3723,23149,18105,8395,6936,17568,13061,12940,2738,10962,25898,18095,3980,21286,11234,13914,1729,7222,9263,28906,17900,13409,13499,9089,21380,24426,17399,3647,7253,12992,8543,10828,11054,18535,21477,16456,10527,22187,25024,23318,12788,27001,21569,12936,12122,28220,19842,23650,13115,15421,2490,17347,19736,24517,14107,26162,19165,24371,14760,31797,13277,0,7361,2845,21633,14925,30001,3101,3863,21972,26479,38691,18022,31608
HEATMAP,39,16592106915301738621,heatmap:POSIX,UNKNOWN,UNKNOWN,0.100000,0,0,0,0,0,0,0,0,0,0,0,0,0,0,0,0,0,0,0,0,0,0,0,0,0,0,0,0,0,0,0,0,0,0,0,0,0,0,0,0,0,0,0,0,0,0,0,0,0,0,0,229511,562070,904163,352256,0,0,0,0,0,0,0,0,0,0,0,0,0,0,0,0,0,0,0,0,0,0,0,0,0,0,0,0,0,0,0,0,0,0,0,0,0,0,0,0,0,0,0,0,0,0,0,0,0,0,0,0,0,0,0,0,0,0,0,0,0,0,0,0,0,0,0,0,0,0,0,0,0,0,0,0,0,0,0,0,0,0,0,0,0,0,0,0,0,0,0,0,0,0,0,0,0,0,0,0,0,0,0,0,27501,31178,3301,35031,35494,5432,3116,17859,27462,10422,13173,32018,16899,19722,0,0,0,0,0,0,0,0,9537,0,0,0,0,0,0,0,0,0,0,24453,0,0,0,0,0,0,0,0,0,0,19751,0,0,0,0,0,0,0,0,0,0,28399,0,0,0,0,0,0,0,8705,10053,26274,22825,0,27449,8100,25944,29473,31565,16493,28017,14210,21808,18470,0,24362,32728,3676,33237,17737,28794,20372,8069,6702,19651,2182,23602,14261,3308,17797,11269,15420,26781,7289,18608,8798,24408,20145,17254,11922,37622,14036,4680,10269,10337,10883,6501,7546,10628,21415,30686,14486,10646,19657,30063,10625,35648,27751,31717,14814,14200,23147,25992,14226,14804,10414,1674,1674,23239,18590,28365,31467,23043,20771,26900,26114,33967,29159,19367,15536,25476,25222,18639,11568,8873,13433,34673,37248,12019,4894,24790
HEATMAP,4,16592106915301738621,heatmap:POSIX,UNKNOWN,UNKNOWN,0.100000,0,0,0,0,0,0,0,0,0,0,0,0,0,0,0,0,0,0,0,0,0,0,0,0,0,0,0,0,0,0,0,0,0,0,0,0,0,0,0,0,0,0,0,0,0,0,0,0,0,0,0,204800,528384,827392,487424,0,0,0,0,0,0,0,0,0,0,0,0,0,0,0,0,0,0,0,0,0,0,0,0,0,0,0,0,0,0,0,0,0,0,0,0,0,0,0,0,0,0,0,0,0,0,0,0,0,0,0,0,0,0,0,0,0,0,0,0,0,0,0,0,0,0,0,0,0,0,0,0,0,0,0,0,0,0,0,0,0,0,0,0,0,0,0,0,0,0,0,0,0,0,0,0,0,0,0,0,0,0,0,0,14261,15352,19584,9905,30515,24087,22156,34641,0,0,0,20514,0,0,0,0,0,0,0,0,0,0,31852,0,0,0,0,0,0,0,0,0,0,5193,0,0,0,0,0,0,0,0,0,0,23531,0,0,0,0,0,0,0,0,0,0,21656,0,0,0,0,0,0,0,25858,20340,22169,17329,0,30043,11120,16699,23406,16500,21777,8926,8256,31029,25291,0,25635,19020,14124,36829,14948,26328,18536,29325,15782,26063,714,31329,33287,13722,2190,24583,20363,35266,11445,5845,29441,19237,10107,2803,22330,5379,19064,18439,10930,21843,12239,15259,20622,18809,13284,34568,19528,12315,9846,45609,14744,25716,18016,34915,28251,13934,31609,35658,32244,22641,28721,9221,18411,19466,13673,25207,18989,20252,15502,14209,6413,19921,18631,32996,10207,31046,26727,17643,9965,46988,9555,14213,8259,2646,12518,19918
HEATMAP,40,16592106915301738621,heatmap:POSIX,UNKNOWN,UNKNOWN,0.100000,0,0,0,0,0,0,0,0,0,0,0,0,0,0,0,0,0,0,0,0,0,0,0,0,0,0,0,0,0,0,0,0,0,0,0,0,0,0,0,0,0,0,0,0,0,0,0,0,0,0,0,204800,512000,729088,602112,0,0,0,0,0,0,0,0,0,0,0,0,0,0,0,0,0,0,0,0,0,0,0,0,0,0,0,0,0,0,0,0,0,0,0,0,0,0,0,0,0,0,0,0,0,0,0,0,0,0,0,0,0,0,0,0,0,0,0,0,0,0,0,0,0,0,0,0,0,0,0,0,0,0,0,0,0,0,0,0,0,0,0,0,0,0,0,0,0,0,0,0,0,0,0,0,0,0,0,0,0,0,0,0,14469,24593,18448,15350,13130,2978,9360,25004,6477,10369,3030,27879,27306,27807,9266,25080,16358,17508,5469,2482,9149,21835,18487,20806,5364,16704,17329,2004,10320,5169,11264,21287,26854,26500,29355,14631,18678,2838,0,0,0,0,0,0,27498,0,0,0,0,0,0,0,0,0,0,15477,0,0,0,0,0,0,0,3759,25926,27592,9556,0,5119,13367,17990,10818,16952,1845,6970,9550,10611,15165,0,1558,1558,9118,17037,12729,30420,11513,12329,15802,4019,3408,5788,21517,11416,15484,20098,22714,9091,29598,32104,6647,26088,38154,3888,1747,6619,14429,16884,25093,8775,2342,9350,11066,11693,14611,26358,15088,39846,16849,14551,35865,12832,6993,21448,18767,11537,14915,11951,22468,19280,19577,29742,20622,15492,11221,27069,25834,22743,24684,25624,32122,22425,23253,22129,17947,10438,19503,9065,3387,25119,16610,13700,4410,13426,7995,11296
HEATMAP,41,16592106915301738621,heatmap:POSIX,UNKNOWN,UNKNOWN,0.100000,0,0,0,0,0,0,0,0,0,0,0,0,0,0,0,0,0,0,0,0,0,0,0,0,0,0,0,0,0,0,0,0,0,0,0,0,0,0,0,0,0,0,0,0,0,0,0,0,0,0,0,143360,303104,262144,491520,847872,0,0,0,0,0,0,0,0,0,0,0,0,0,0,0,0,0,0,0,0,0,0,0,0,0,0,0,0,0,0,0,0,0,0,0,0,0,0,0,0,0,0,0,0,0,0,0,0,0,0,0,0,0,0,0,0,0,0,0,0,0,0,0,0,0,0,0,0,0,0,0,0,0,0,0,0,0,0,0,0,0,0,0,0,0,0,0,0,0,0,0,0,0,0,0,0,0,0,0,0,0,0,0,15932,3570,23924,29695,15825,13085,2151,3382,11852,25569,35008,30243,7877,12179,24883,13839,24982,22705,1814,1814,17886,16975,6688,13284,23263,30592,44001,23294,2813,0,0,0,0,15088,0,0,0,0,0,0,0,0,0,0,6710,0,0,0,0,0,0,0,0,0,0,19110,0,0,0,0,0,0,0,29151,20287,12939,14499,0,53244,21935,19727,15963,25165,19809,30262,9636,21679,11911,0,15059,11692,17294,14140,12585,31091,11194,3228,17446,6644,2594,13360,20487,4894,0,4041,5607,11174,24766,10188,17212,19499,20332,16661,25677,2504,11453,5364,23067,19433,20530,22257,27348,16895,12325,13135,17064,2960,24246,12650,8495,2927,15513,22276,24460,18483,26391,23278,14928,22090,7595,30771,12852,22668,18395,9893,14496,5959,23755,14881,24268,16692,35496,16021,27447,10732,19889,12366,19592,22260,14551,19012,18370,17510,7621,11733
HEATMAP,42,16592106915301738621,heatmap:POSIX,UNKNOWN,UNKNOWN,0.100000,0,0,0,0,0,0,0,0,0,0,0,0,0,0,0,0,0,0,0,0,0,0,0,0,0,0,0,0,0,0,0,0,0,0,0,0,0,0,0,0,0,0,0,0,0,0,0,0,0,0,0,215132,526244,835584,471040,0,0,0,0,0,0,0,0,0,0,0,0,0,0,0,0,0,0,0,0,0,0,0,0,0,0,0,0,0,0,0,0,0,0,0,0,0,0,0,0,0,0,0,0,0,0,0,0,0,0,0,0,0,0,0,0,0,0,0,0,0,0,0,0,0,0,0,0,0,0,0,0,0,0,0,0,0,0,0,0,0,0,0,0,0,0,0,0,0,0,0,0,0,0,0,0,0,0,0,0,0,0,0,0,28837,33245,32500,28409,4082,6415,20037,26049,31091,24612,31060,7940,0,0,0,0,0,0,0,0,0,0,16976,0,0,0,0,0,0,0,0,0,0,20717,0,0,0,0,0,0,0,0,0,0,4510,0,0,0,0,0,0,0,0,0,0,7146,0,0,0,0,0,0,0,14212,23468,3284,17179,0,16678,7552,41337,24893,23738,22233,35581,2513,21278,22087,0,27427,17865,12943,18184,17477,16277,23462,10370,16133,9021,1927,12544,35530,6833,11986,18379,5913,15933,22209,7469,37785,28619,20599,11835,11086,20537,29543,35052,16894,8072,9301,6196,16353,14065,18298,17052,13197,21386,7026,22199,9605,14839,17002,33248,38537,17686,28246,22423,19716,25280,19231,18454,8718,17056,24660,26737,18402,37126,24643,29477,12050,28645,23275,18021,17663,21703,10539,21948,8848,23113,14020,15840,27534,23706,32729,24644
HEATMAP,43,16592106915301738621,heatmap:POSIX,UNKNOWN,UNKNOWN,0.100000,0,0,0,0,0,0,0,0,0,0,0,0,0,0,0,0,0,0,0,0,0,0,0,0,0,0,0,0,0,0,0,0,0,0,0,0,0,0,0,0,0,0,0,0,0,0,0,0,0,0,0,209728,523456,765952,548864,0,0,0,0,0,0,0,0,0,0,0,0,0,0,0,0,0,0,0,0,0,0,0,0,0,0,0,0,0,0,0,0,0,0,0,0,0,0,0,0,0,0,0,0,0,0,0,0,0,0,0,0,0,0,0,0,0,0,0,0,0,0,0,0,0,0,0,0,0,0,0,0,0,0,0,0,0,0,0,0,0,0,0,0,0,0,0,0,0,0,0,0,0,0,0,0,0,0,0,0,0,0,0,0,25338,29905,29477,12453,16453,23510,8596,26706,4776,9561,16904,16078,9008,17069,22424,20134,16305,3266,17663,2931,4222,0,14186,0,0,0,0,0,0,0,0,0,0,15255,0,0,0,0,0,0,0,0,0,0,12569,0,0,0,0,0,0,0,0,0,0,27160,0,0,0,0,0,0,0,14308,21571,3374,24466,0,22233,17948,18599,13128,13552,19855,6973,2538,32952,19881,0,35814,19534,6528,20678,5688,32599,14322,25629,2585,26527,2892,22905,13175,3700,24653,20951,13015,15642,26230,6179,23187,24050,20416,11885,27825,15553,2845,21038,29705,22155,19251,15502,18619,12447,26902,15470,26898,23925,23483,21079,8598,12663,37363,27451,18153,22561,32067,18403,23295,25136,9333,2224,14707,16875,13602,22953,31705,17051,7349,16470,13020,30718,7581,18401,9784,13157,22373,31544,23631,12513,20883,23394,24002,3454,16643,24136
HEATMAP,44,16592106915301738621,heatmap:POSIX,UNKNOWN,UNKNOWN,0.100000,0,0,0,0,0,0,0,0,0,0,0,0,0,0,0,0,0,0,0,0,0,0,0,0,0,0,0,0,0,0,0,0,0,0,0,0,0,0,0,0,0,0,0,0,0,0,0,0,0,0,0,195236,488847,733133,630784,0,0,0,0,0,0,0,0,0,0,0,0,0,0,0,0,0,0,0,0,0,0,0,0,0,0,0,0,0,0,0,0,0,0,0,0,0,0,0,0,0,0,0,0,0,0,0,0,0,0,0,0,0,0,0,0,0,0,0,0,0,0,0,0,0,0,0,0,0,0,0,0,0,0,0,0,0,0,0,0,0,0,0,0,0,0,0,0,0,0,0,0,0,0,0,0,0,0,0,0,0,0,0,0,21534,20109,30194,23107,11035,17042,7153,12605,29670,10410,18938,8313,4693,11647,13225,18344,5228,908,908,908,2879,8711,15525,28184,18188,0,0,0,0,0,0,0,0,19603,0,0,0,0,0,0,0,0,0,0,23377,0,0,0,0,0,0,0,0,0,0,17344,0,0,0,0,0,0,0,20675,16811,2856,25862,0,6114,10216,23505,13242,2857,7543,18406,14933,20638,12954,0,40178,27387,35197,20400,19927,16650,17898,6496,15248,38737,1940,23441,24851,9884,21665,17107,8886,10245,19469,24156,11012,6182,20600,27114,11257,18003,19802,24959,26840,23653,16551,20187,14055,41212,26368,8336,11707,11089,26394,31348,31609,7506,13059,3597,12922,21204,15464,21530,26964,15278,7743,33018,24328,4414,26660,1845,11958,26339,34776,27268,22503,14289,15418,26094,8743,17998,8819,21952,16711,16423,21840,17261,41500,11515,8586,18041
HEATMAP,45,16592106915301738621,heatmap:POSIX,UNKNOWN,UNKNOWN,0.100000,0,0,0,0,0,0,0,0,0,0,0,0,0,0,0,0,0,0,0,0,0,0,0,0,0,0,0,0,0,0,0,0,0,0,0,0,0,0,0,0,0,0,0,0,0,0,0,0,0,0,0,208896,516096,724992,598016,0,0,0,0,0,0,0,0,0,0,0,0,0,0,0,0,0,0,0,0,0,0,0,0,0,0,0,0,0,0,0,0,0,0,0,0,0,0,0,0,0,0,0,0,0,0,0,0,0,0,0,0,0,0,0,0,0,0,0,0,0,0,0,0,0,0,0,0,0,0,0,0,0,0,0,0,0,0,0,0,0,0,0,0,0,0,0,0,0,0,0,0,0,0,0,0,0,0,0,0,0,0,0,0,15633,6255,6478,2617,23336,11557,16826,23905,26409,29947,23675,23389,31301,30374,10822,18043,806,806,806,806,6694,11956,15348,26233,8917,0,0,0,0,0,0,0,0,22096,0,0,0,0,0,0,0,0,0,0,12612,0,0,0,0,0,0,0,0,0,0,14194,0,0,0,0,0,0,0,30084,22626,17492,3157,0,20154,27394,27091,25708,30561,8212,15449,7195,9483,13954,0,5872,17419,19268,30373,14600,23110,6223,3825,10784,6474,1701,33438,28745,15640,21723,5489,23124,21789,24258,11620,20609,19636,27480,23828,23896,23063,19325,17992,22626,22456,14797,2320,18766,17979,7404,24352,12050,23908,14810,23672,4408,28045,14759,23523,43336,2391,18087,10900,8335,22755,10865,27308,15380,8803,16264,9562,28339,37977,12183,11780,19223,31385,19423,22344,14279,13807,15473,18448,7186,26169,27718,23518,21949,19644,6763,18824
HEATMAP,46,16592106915301738621,heatmap:POSIX,UNKNOWN,UNKNOWN,0.100000,0,0,0,0,0,0,0,0,0,0,0,0,0,0,0,0,0,0,0,0,0,0,0,0,0,0,0,0,0,0,0,0,0,0,0,0,0,0,0,0,0,0,0,0,0,0,0,0,0,0,0,246272,572928,839680,389120,0,0,0,0,0,0,0,0,0,0,0,0,0,0,0,0,0,0,0,0,0,0,0,0,0,0,0,0,0,0,0,0,0,0,0,0,0,0,0,0,0,0,0,0,0,0,0,0,0,0,0,0,0,0,0,0,0,0,0,0,0,0,0,0,0,0,0,0,0,0,0,0,0,0,0,0,0,0,0,0,0,0,0,0,0,0,0,0,0,0,0,0,0,0,0,0,0,0,0,0,0,0,0,0,19355,23201,6818,20686,21954,29784,11904,14107,0,0,0,24300,0,0,0,0,0,0,0,0,0,0,13669,0,0,0,0,0,0,0,0,0,0,14653,0,0,0,0,0,0,0,0,0,0,21261,0,0,0,0,0,0,0,0,0,0,9190,0,0,0,0,0,0,0,3094,9508,17727,16511,0,27150,34384,8248,29254,35049,17783,29088,26763,17091,12275,0,23833,28028,5350,20638,8394,12918,16120,19044,24091,18123,3899,19034,20274,6079,16010,22823,14923,21435,21478,14895,24429,23509,6021,17229,14731,23348,31780,12119,16091,22350,13353,20143,24387,31034,19726,24407,23265,25493,17809,10966,14736,12801,36808,16155,20505,8385,13889,26229,34775,13837,19786,8039,17052,27050,18638,18003,5136,15145,36283,21258,21854,37171,36447,31213,20842,21460,47439,12692,30832,32022,2746,9306,27017,35246,19633,23184
HEATMAP,47,16592106915301738621,heatmap:POSIX,UNKNOWN,UNKNOWN,0.100000,0,0,0,0,0,0,0,0,0,0,0,0,0,0,0,0,0,0,0,0,0,0,0,0,0,0,0,0,0,0,0,0,0,0,0,0,0,0,0,0,0,0,0,0,0,0,0,0,0,0,0,212992,516151,827337,491520,0,0,0,0,0,0,0,0,0,0,0,0,0,0,0,0,0,0,0,0,0,0,0,0,0,0,0,0,0,0,0,0,0,0,0,0,0,0,0,0,0,0,0,0,0,0,0,0,0,0,0,0,0,0,0,0,0,0,0,0,0,0,0,0,0,0,0,0,0,0,0,0,0,0,0,0,0,0,0,0,0,0,0,0,0,0,0,0,0,0,0,0,0,0,0,0,0,0,0,0,0,0,0,0,11814,22703,16411,26789,7891,1947,12097,20097,37248,9464,401,32267,401,401,401,401,401,401,401,401,6293,10364,20052,0,0,0,0,0,0,0,0,0,0,23308,0,0,0,0,0,0,0,0,0,0,2711,0,0,0,0,0,0,0,0,0,0,20907,0,0,0,0,0,0,0,17352,13846,24796,26387,0,6496,18066,3915,11574,17235,33034,15386,8563,31293,25806,0,17896,29785,21838,29019,7509,18706,13978,13987,25275,24976,9674,20530,12659,13035,9162,17492,18827,7869,15781,12225,11385,12341,20739,5876,20168,31878,42833,37493,22776,22249,11856,21082,10753,9341,37259,22571,31951,37424,20207,18162,21916,8355,10053,23157,4865,11556,25161,28649,14630,19622,24650,26075,28908,31771,20254,28644,26180,43759,31832,36991,10880,18053,25179,28320,9249,13089,25104,4356,23727,5441,6500,13793,13684,24184,19037,12092
HEATMAP,48,16592106915301738621,heatmap:POSIX,UNKNOWN,UNKNOWN,0.100000,0,0,0,0,0,0,0,0,0,0,0,0,0,0,0,0,0,0,0,0,0,0,0,0,0,0,0,0,0,0,0,0,0,0,0,0,0,0,0,0,0,0,0,0,0,0,0,0,0,0,0,221184,462848,643072,720896,0,0,0,0,0,0,0,0,0,0,0,0,0,0,0,0,0,0,0,0,0,0,0,0,0,0,0,0,0,0,0,0,0,0,0,0,0,0,0,0,0,0,0,0,0,0,0,0,0,0,0,0,0,0,0,0,0,0,0,0,0,0,0,0,0,0,0,0,0,0,0,0,0,0,0,0,0,0,0,0,0,0,0,0,0,0,0,0,0,0,0,0,0,0,0,0,0,0,0,0,0,0,0,0,13934,28864,14522,29176,26765,902,0,0,0,0,0,20922,0,0,0,0,0,0,0,0,0,0,6072,0,0,0,0,0,0,0,0,0,0,16303,0,0,0,0,0,0,0,0,0,0,19258,0,0,0,0,0,0,0,0,0,0,13774,0,0,0,0,0,0,0,16016,18915,25425,16933,0,17669,24224,19119,9594,12789,12857,17227,2387,6933,12691,0,20717,9251,29624,34283,9216,27624,32913,36021,19226,23170,3203,32324,23766,24045,15356,15875,13062,2129,7181,26225,15513,31662,36655,43834,6560,25546,34985,15588,36197,10450,18056,37017,11437,21732,18072,20994,17384,13149,25418,27365,23516,7323,14190,13346,21695,22973,10741,27091,26678,41112,15088,21855,6529,16480,19581,13236,19389,30318,13146,15576,42103,21582,27325,35220,16601,13255,21918,9916,24806,20789,33042,19395,25164,27854,25266,27805
HEATMAP,49,16592106915301738621,heatmap:POSIX,UNKNOWN,UNKNOWN,0.100000,0,0,0,0,0,0,0,0,0,0,0,0,0,0,0,0,0,0,0,0,0,0,0,0,0,0,0,0,0,0,0,0,0,0,0,0,0,0,0,0,0,0,0,0,0,0,0,0,0,0,0,200704,368640,540672,708608,229376,0,0,0,0,0,0,0,0,0,0,0,0,0,0,0,0,0,0,0,0,0,0,0,0,0,0,0,0,0,0,0,0,0,0,0,0,0,0,0,0,0,0,0,0,0,0,0,0,0,0,0,0,0,0,0,0,0,0,0,0,0,0,0,0,0,0,0,0,0,0,0,0,0,0,0,0,0,0,0,0,0,0,0,0,0,0,0,0,0,0,0,0,0,0,0,0,0,0,0,0,0,0,0,26950,17794,4788,10324,30906,13849,5397,12569,23004,29850,3357,11762,426,426,426,426,426,426,426,426,7084,32543,9227,16297,1709,0,0,0,0,0,0,0,0,4363,0,0,0,0,0,0,0,0,0,0,28298,0,0,0,0,0,0,0,0,0,0,28823,0,0,0,0,0,0,0,14208,18265,14697,6760,0,24444,29660,21745,41910,23974,16505,19620,7806,18895,19131,0,22380,12228,13205,19514,9166,14709,29679,21992,18305,16769,588,14567,35679,27498,19654,20276,13552,30262,24658,17960,27716,9793,22439,6927,19543,21492,27755,14045,26985,20400,11186,11458,20446,13882,9705,20247,17630,14561,20141,31569,20300,26467,10323,30746,13447,13172,6639,24438,28931,11631,13677,11228,29621,18567,6261,30516,17963,25117,16085,20997,16446,23940,13711,27310,14145,17325,24622,21033,12614,14061,22435,25837,16700,37342,12762,21110
HEATMAP,5,16592106915301738621,heatmap:POSIX,UNKNOWN,UNKNOWN,0.100000,0,0,0,0,0,0,0,0,0,0,0,0,0,0,0,0,0,0,0,0,0,0,0,0,0,0,0,0,0,0,0,0,0,0,0,0,0,0,0,0,0,0,0,0,0,0,0,0,0,0,0,229376,548864,753664,516096,0,0,0,0,0,0,0,0,0,0,0,0,0,0,0,0,0,0,0,0,0,0,0,0,0,0,0,0,0,0,0,0,0,0,0,0,0,0,0,0,0,0,0,0,0,0,0,0,0,0,0,0,0,0,0,0,0,0,0,0,0,0,0,0,0,0,0,0,0,0,0,0,0,0,0,0,0,0,0,0,0,0,0,0,0,0,0,0,0,0,0,0,0,0,0,0,0,0,0,0,0,0,0,0,13174,11663,21323,0,0,0,0,0,0,0,0,13945,0,0,0,0,0,0,0,0,0,0,22872,0,0,0,0,0,0,0,0,0,0,18088,0,0,0,0,0,0,0,0,0,0,45056,0,0,0,0,0,0,0,0,0,0,14618,0,0,0,0,0,0,0,25893,17066,20728,7345,0,21630,15912,3908,15091,35696,22805,21039,7951,23139,23311,0,20002,20566,19708,30826,28303,38286,18870,27788,8477,7667,2462,8558,17317,20254,24446,19551,22061,27040,10618,16155,42063,26169,32569,15281,25448,17775,32126,32710,19676,21550,10396,18843,19370,17482,43072,18637,38571,13218,3885,37101,13287,5523,34360,28615,17496,36392,12531,19792,15063,35927,17947,15412,16241,25333,9161,3576,26245,22152,26802,23357,8143,36836,35740,26876,10188,18176,32750,27742,41409,19040,13937,20114,4546,21452,26139,2550
HEATMAP,50,16592106915301738621,heatmap:POSIX,UNKNOWN,UNKNOWN,0.100000,0,0,0,0,0,0,0,0,0,0,0,0,0,0,0,0,0,0,0,0,0,0,0,0,0,0,0,0,0,0,0,0,0,0,0,0,0,0,0,0,0,0,0,0,0,0,0,0,0,0,0,233472,536576,811008,466944,0,0,0,0,0,0,0,0,0,0,0,0,0,0,0,0,0,0,0,0,0,0,0,0,0,0,0,0,0,0,0,0,0,0,0,0,0,0,0,0,0,0,0,0,0,0,0,0,0,0,0,0,0,0,0,0,0,0,0,0,0,0,0,0,0,0,0,0,0,0,0,0,0,0,0,0,0,0,0,0,0,0,0,0,0,0,0,0,0,0,0,0,0,0,0,0,0,0,0,0,0,0,0,0,20368,12843,31845,18033,29443,12752,1371,1371,5019,21096,15402,18414,16045,15642,25095,5259,790,790,790,790,7403,29836,20839,29529,3402,0,0,0,0,0,0,0,0,13303,0,0,0,0,0,0,0,0,0,0,21689,0,0,0,0,0,0,0,0,0,0,17405,0,0,0,0,0,0,0,27027,27838,26631,5084,0,10917,25052,24274,25027,19763,2436,18161,13434,17485,27639,0,4160,6444,2164,14741,17796,31407,21523,20383,12484,6532,2215,14298,4628,11244,15427,31070,30806,12649,18971,7299,1205,30599,1205,1205,7902,11910,19031,13836,26329,18935,20338,18511,18707,30803,16336,22200,27345,30904,30246,37578,24237,7171,4803,3500,23396,18309,21042,17962,12823,27068,18962,23553,23622,5756,9631,30286,27882,14736,41329,25569,32837,8641,10830,17257,14424,30510,28423,29320,22177,16906,32526,3886,3753,39901,22473,13801
HEATMAP,51,16592106915301738621,heatmap:POSIX,UNKNOWN,UNKNOWN,0.100000,0,0,0,0,0,0,0,0,0,0,0,0,0,0,0,0,0,0,0,0,0,0,0,0,0,0,0,0,0,0,0,0,0,0,0,0,0,0,0,0,0,0,0,0,0,0,0,0,0,0,0,185851,441302,634415,659456,126976,0,0,0,0,0,0,0,0,0,0,0,0,0,0,0,0,0,0,0,0,0,0,0,0,0,0,0,0,0,0,0,0,0,0,0,0,0,0,0,0,0,0,0,0,0,0,0,0,0,0,0,0,0,0,0,0,0,0,0,0,0,0,0,0,0,0,0,0,0,0,0,0,0,0,0,0,0,0,0,0,0,0,0,0,0,0,0,0,0,0,0,0,0,0,0,0,0,0,0,0,0,0,0,18796,37059,33376,12501,17857,2524,17678,18860,1737,0,0,3612,0,0,0,0,0,0,0,0,0,0,16091,0,0,0,0,0,0,0,0,0,0,13981,0,0,0,0,0,0,0,0,0,0,40114,0,0,0,0,0,0,0,0,0,0,24827,0,0,0,0,0,0,0,27126,15582,23032,14382,0,12081,24871,35485,22441,27629,21216,10962,4570,9470,19668,0,27139,12586,17521,40407,40779,4984,26838,14061,6962,7396,964,13288,17666,15318,11253,15875,5431,22343,16954,2119,11864,15420,4383,21765,13280,16366,20006,32269,15370,21074,11407,31172,26602,21448,10374,26759,24015,21461,24132,37758,32139,22772,2746,27854,11071,35708,18953,9817,21087,15278,20478,22659,22399,12340,27321,32690,13576,18467,24085,25540,29048,29104,18983,11297,20931,18581,28353,17137,20461,24045,17034,29347,28408,25545,27634,30773
HEATMAP,52,16592106915301738621,heatmap:POSIX,UNKNOWN,UNKNOWN,0.100000,0,0,0,0,0,0,0,0,0,0,0,0,0,0,0,0,0,0,0,0,0,0,0,0,0,0,0,0,0,0,0,0,0,0,0,0,0,0,0,0,0,0,0,0,0,0,0,0,0,0,0,241664,532480,753664,520192,0,0,0,0,0,0,0,0,0,0,0,0,0,0,0,0,0,0,0,0,0,0,0,0,0,0,0,0,0,0,0,0,0,0,0,0,0,0,0,0,0,0,0,0,0,0,0,0,0,0,0,0,0,0,0,0,0,0,0,0,0,0,0,0,0,0,0,0,0,0,0,0,0,0,0,0,0,0,0,0,0,0,0,0,0,0,0,0,0,0,0,0,0,0,0,0,0,0,0,0,0,0,0,0,20162,41226,28333,27615,12915,10336,14464,15218,14348,16151,15499,17788,3674,0,0,0,0,0,0,0,0,0,17472,0,0,0,0,0,0,0,0,0,0,22820,0,0,0,0,0,0,0,0,0,0,35390,0,0,0,0,0,0,0,0,0,0,16091,0,0,0,0,0,0,0,14784,27902,3166,7232,0,18069,15292,18305,35812,19710,16683,27920,10023,7471,19691,0,20589,23118,1982,4155,12851,28185,24235,11877,28258,9556,6092,24967,8225,15920,9523,15586,5977,20592,15798,20849,29214,22751,23241,12003,26486,23070,30759,24804,33541,29798,20212,1488,3262,1488,5969,11100,30791,14527,18197,6528,18249,39202,45925,25639,11890,34738,27839,27516,25098,10751,2878,20294,16690,16814,16191,19466,20040,17670,7193,4678,13997,40810,19412,21698,20151,18840,41148,22955,9125,27380,48901,25036,24736,9394,24127,22404
HEATMAP,53,16592106915301738621,heatmap:POSIX,UNKNOWN,UNKNOWN,0.100000,0,0,0,0,0,0,0,0,0,0,0,0,0,0,0,0,0,0,0,0,0,0,0,0,0,0,0,0,0,0,0,0,0,0,0,0,0,0,0,0,0,0,0,0,0,0,0,0,0,0,0,204800,540672,811008,491520,0,0,0,0,0,0,0,0,0,0,0,0,0,0,0,0,0,0,0,0,0,0,0,0,0,0,0,0,0,0,0,0,0,0,0,0,0,0,0,0,0,0,0,0,0,0,0,0,0,0,0,0,0,0,0,0,0,0,0,0,0,0,0,0,0,0,0,0,0,0,0,0,0,0,0,0,0,0,0,0,0,0,0,0,0,0,0,0,0,0,0,0,0,0,0,0,0,0,0,0,0,0,0,0,14417,4329,29989,30904,19942,0,0,0,0,0,0,9770,0,0,0,0,0,0,0,0,0,0,26796,0,0,0,0,0,0,0,0,0,0,20372,0,0,0,0,0,0,0,0,0,0,30433,0,0,0,0,0,0,0,0,0,0,20503,0,0,0,0,0,0,0,19535,26399,45052,24048,0,15591,12583,13070,25088,16964,15804,33806,24060,19032,29855,0,14490,15140,2496,12594,32412,11430,34921,18284,34161,6270,700,9653,26832,18391,25334,12924,2339,23622,26832,16629,32687,6581,9747,21866,27534,15434,18007,22130,5861,36813,14283,11261,25038,16388,20994,37693,23507,34122,28766,25625,23953,16278,24306,22226,2269,6516,25482,26454,28568,13058,29168,28775,8323,24306,6846,5766,16193,27400,17352,22003,10930,3980,22437,24912,29253,32264,32132,23785,26634,21914,26096,16369,35496,11909,20969,25545
HEATMAP,54,16592106915301738621,heatmap:POSIX,UNKNOWN,UNKNOWN,0.100000,0,0,0,0,0,0,0,0,0,0,0,0,0,0,0,0,0,0,0,0,0,0,0,0,0,0,0,0,0,0,0,0,0,0,0,0,0,0,0,0,0,0,0,0,0,0,0,0,0,0,0,204800,512000,724992,606208,0,0,0,0,0,0,0,0,0,0,0,0,0,0,0,0,0,0,0,0,0,0,0,0,0,0,0,0,0,0,0,0,0,0,0,0,0,0,0,0,0,0,0,0,0,0,0,0,0,0,0,0,0,0,0,0,0,0,0,0,0,0,0,0,0,0,0,0,0,0,0,0,0,0,0,0,0,0,0,0,0,0,0,0,0,0,0,0,0,0,0,0,0,0,0,0,0,0,0,0,0,0,0,0,7877,1999,1990,9123,1295,1295,6538,16239,24447,15220,10937,15764,16196,12900,1084,618,618,618,618,618,14405,14227,3620,28209,26912,7192,25411,27699,16393,9011,12038,8638,27174,16063,20107,12387,25049,0,0,0,0,0,0,0,30085,0,0,0,0,0,0,0,0,0,0,11971,0,0,0,0,0,0,0,2971,29465,3415,14380,0,11792,6198,7534,12198,19625,26529,36812,12612,15923,44890,0,23759,23667,14481,36470,20657,39195,14519,9935,14699,18713,2752,22704,8889,10601,7613,8601,8826,15298,25985,3559,30921,30750,24000,27683,4842,2298,24662,20022,17271,24809,7129,21534,25560,10568,25098,5170,11597,27775,16808,8224,8916,21222,1723,15058,1723,22216,24628,22503,30397,14043,29939,10747,23590,16578,4323,22228,34590,19249,2902,13617,8535,3455,29113,25796,12330,21124,10078,28094,12900,29302,15572,20775,27947,23031,12080,3103
HEATMAP,55,16592106915301738621,heatmap:POSIX,UNKNOWN,UNKNOWN,0.100000,0,0,0,0,0,0,0,0,0,0,0,0,0,0,0,0,0,0,0,0,0,0,0,0,0,0,0,0,0,0,0,0,0,0,0,0,0,0,0,0,0,0,0,0,0,0,0,0,0,0,0,208896,557056,876544,405504,0,0,0,0,0,0,0,0,0,0,0,0,0,0,0,0,0,0,0,0,0,0,0,0,0,0,0,0,0,0,0,0,0,0,0,0,0,0,0,0,0,0,0,0,0,0,0,0,0,0,0,0,0,0,0,0,0,0,0,0,0,0,0,0,0,0,0,0,0,0,0,0,0,0,0,0,0,0,0,0,0,0,0,0,0,0,0,0,0,0,0,0,0,0,0,0,0,0,0,0,0,0,0,0,8125,7329,24164,21014,1561,1561,18321,17883,17754,31571,19678,17375,6259,519,519,519,519,519,519,519,12588,17834,30106,24117,25604,18628,3929,0,0,0,0,0,0,7978,0,0,0,0,0,0,0,0,0,0,11257,0,0,0,0,0,0,0,0,0,0,13748,0,0,0,0,0,0,0,13565,2540,20790,26047,0,23460,6123,28869,24007,24610,19324,14160,9912,24421,2166,0,11315,19879,21237,27828,15245,27413,19008,14773,18031,19164,4664,19978,29771,3086,6142,2110,15438,26577,17927,16487,24572,14593,27947,15684,16122,3797,20826,11143,33405,31442,18520,16403,27211,8933,27414,14023,24312,15831,25250,31283,11443,22271,20181,8935,8301,33480,12944,24253,25285,20393,19704,11856,9593,15949,7533,38482,26985,31472,35188,11905,18866,29799,17807,25557,28859,24818,20564,8022,17124,18032,29514,17070,19476,23101,3707,2738
HEATMAP,56,16592106915301738621,heatmap:POSIX,UNKNOWN,UNKNOWN,0.100000,0,0,0,0,0,0,0,0,0,0,0,0,0,0,0,0,0,0,0,0,0,0,0,0,0,0,0,0,0,0,0,0,0,0,0,0,0,0,0,0,0,0,0,0,0,0,0,0,0,0,0,183896,414120,499902,630594,319488,0,0,0,0,0,0,0,0,0,0,0,0,0,0,0,0,0,0,0,0,0,0,0,0,0,0,0,0,0,0,0,0,0,0,0,0,0,0,0,0,0,0,0,0,0,0,0,0,0,0,0,0,0,0,0,0,0,0,0,0,0,0,0,0,0,0,0,0,0,0,0,0,0,0,0,0,0,0,0,0,0,0,0,0,0,0,0,0,0,0,0,0,0,0,0,0,0,0,0,0,0,0,0,22689,6643,0,0,0,0,0,0,0,0,0,7014,0,0,0,0,0,0,0,0,0,0,8892,0,0,0,0,0,0,0,0,0,0,32136,0,0,0,0,0,0,0,0,0,0,27147,0,0,0,0,0,0,0,0,0,0,8949,0,0,0,0,0,0,0,6457,23550,19469,29099,0,35617,21775,28242,8861,19618,18772,6385,13788,19714,15924,0,28219,18043,10752,11700,25145,19671,13737,27526,12110,27776,4606,30753,36936,15708,35904,7302,18001,36303,16784,18180,30853,10068,37032,19057,32796,15647,23615,29699,16440,33074,24770,11202,14764,15507,19746,29778,18264,30934,29980,33437,20186,25543,15064,19714,32940,18463,20231,26731,30509,18151,21912,30016,34846,2746,19860,23566,21338,8558,22281,15410,20898,32802,25297,27727,25292,26356,29525,17390,29075,26243,2525,12746,13860,6938,22730,27971
HEATMAP,57,16592106915301738621,heatmap:POSIX,UNKNOWN,UNKNOWN,0.100000,0,0,0,0,0,0,0,0,0,0,0,0,0,0,0,0,0,0,0,0,0,0,0,0,0,0,0,0,0,0,0,0,0,0,0,0,0,0,0,0,0,0,0,0,0,0,0,0,0,0,0,207159,489161,720896,630784,0,0,0,0,0,0,0,0,0,0,0,0,0,0,0,0,0,0,0,0,0,0,0,0,0,0,0,0,0,0,0,0,0,0,0,0,0,0,0,0,0,0,0,0,0,0,0,0,0,0,0,0,0,0,0,0,0,0,0,0,0,0,0,0,0,0,0,0,0,0,0,0,0,0,0,0,0,0,0,0,0,0,0,0,0,0,0,0,0,0,0,0,0,0,0,0,0,0,0,0,0,0,0,0,6826,41649,38239,30110,13154,25193,12098,5380,24024,20924,10225,19588,449,449,449,449,449,449,449,449,5675,13276,12621,10025,0,0,0,0,0,0,0,0,0,37760,0,0,0,0,0,0,0,0,0,0,3306,0,0,0,0,0,0,0,0,0,0,16252,0,0,0,0,0,0,0,32151,39130,9773,22009,0,30019,7360,2337,25782,24563,19867,26079,12672,24305,5634,0,3542,1931,10059,4059,31283,17661,14186,23956,9199,28303,3340,9071,20945,14072,13288,22693,7385,22393,27198,23024,9579,6950,20752,18224,25918,17877,36137,36951,20875,20778,10630,16498,7928,13700,24971,9202,31041,19680,14493,17871,15216,13064,21844,27482,32114,13466,13142,36683,20645,13288,17188,29368,29224,28603,15525,7496,19049,19439,32928,18171,33939,6901,40782,10231,11663,34100,24577,11177,7645,18887,9036,16687,20197,17415,12419,29166
HEATMAP,58,16592106915301738621,heatmap:POSIX,UNKNOWN,UNKNOWN,0.100000,0,0,0,0,0,0,0,0,0,0,0,0,0,0,0,0,0,0,0,0,0,0,0,0,0,0,0,0,0,0,0,0,0,0,0,0,0,0,0,0,0,0,0,0,0,0,0,0,0,0,0,225280,520192,774144,528384,0,0,0,0,0,0,0,0,0,0,0,0,0,0,0,0,0,0,0,0,0,0,0,0,0,0,0,0,0,0,0,0,0,0,0,0,0,0,0,0,0,0,0,0,0,0,0,0,0,0,0,0,0,0,0,0,0,0,0,0,0,0,0,0,0,0,0,0,0,0,0,0,0,0,0,0,0,0,0,0,0,0,0,0,0,0,0,0,0,0,0,0,0,0,0,0,0,0,0,0,0,0,0,0,9783,12041,37294,26553,1680,1677,9052,2947,12153,17121,11162,14921,14891,10170,5562,653,653,653,653,653,2796,14193,13143,3644,24576,24545,26629,10148,21099,22111,13023,5616,0,12086,0,0,0,0,0,0,0,0,0,0,21454,0,0,0,0,0,0,0,0,0,0,17148,0,0,0,0,0,0,0,14503,16788,15012,16362,0,23612,14135,8498,32020,12347,16626,17585,19264,29593,16665,0,30917,23545,32116,37867,26223,26514,2828,16835,18570,8138,1723,9043,15190,12445,13387,22971,11964,16167,10940,26582,24920,28971,20471,18451,2372,6588,9836,23058,19367,30786,14590,9372,20148,11121,16312,12094,16778,27918,13160,3209,20705,18336,26946,9350,10142,15304,6048,24452,23300,16319,16952,18281,14698,14723,27691,17555,19814,16848,35422,29682,11518,17441,32470,16717,19172,12926,5502,14490,22856,24626,32936,16068,5438,28235,21024,15031
HEATMAP,59,16592106915301738621,heatmap:POSIX,UNKNOWN,UNKNOWN,0.100000,0,0,0,0,0,0,0,0,0,0,0,0,0,0,0,0,0,0,0,0,0,0,0,0,0,0,0,0,0,0,0,0,0,0,0,0,0,0,0,0,0,0,0,0,0,0,0,0,0,0,0,225280,540672,565248,421888,294912,0,0,0,0,0,0,0,0,0,0,0,0,0,0,0,0,0,0,0,0,0,0,0,0,0,0,0,0,0,0,0,0,0,0,0,0,0,0,0,0,0,0,0,0,0,0,0,0,0,0,0,0,0,0,0,0,0,0,0,0,0,0,0,0,0,0,0,0,0,0,0,0,0,0,0,0,0,0,0,0,0,0,0,0,0,0,0,0,0,0,0,0,0,0,0,0,0,0,0,0,0,0,0,128028,0,0,0,0,0,0,0,0,0,0,0,0,0,0,0,0,0,0,0,0,0,0,0,0,0,0,0,0,0,0,0,0,0,0,0,0,0,0,0,0,0,0,0,0,0,0,0,0,0,0,0,0,0,0,0,0,0,0,0,0,0,0,0,0,0,0,0,0,0,0,0,0,0,0,0,0,0,0,0,0,0,0,0,0,0,0,0,0,40275,0,0,0,0,0,0,0,0,0,0,426669,0,0,0,0,0,0,0,0,0,0,290816,0,0,0,0,0,0,0,0,0,0,446464,0,0,0,0,0,0,0,0,0,0,426650,0,0,0,0,0,0,0,0,0,0,289098,0,0,0,0,0,0,0,0,0,0
HEATMAP,6,16592106915301738621,heatmap:POSIX,UNKNOWN,UNKNOWN,0.100000,0,0,0,0,0,0,0,0,0,0,0,0,0,0,0,0,0,0,0,0,0,0,0,0,0,0,0,0,0,0,0,0,0,0,0,0,0,0,0,0,0,0,0,0,0,0,0,0,0,0,0,233472,532480,557056,425984,299008,0,0,0,0,0,0,0,0,0,0,0,0,0,0,0,0,0,0,0,0,0,0,0,0,0,0,0,0,0,0,0,0,0,0,0,0,0,0,0,0,0,0,0,0,0,0,0,0,0,0,0,0,0,0,0,0,0,0,0,0,0,0,0,0,0,0,0,0,0,0,0,0,0,0,0,0,0,0,0,0,0,0,0,0,0,0,0,0,0,0,0,0,0,0,0,0,0,0,0,0,0,0,0,358075,0,0,0,0,0,0,0,0,0,0,16384,0,0,0,0,0,0,0,0,0,0,0,0,0,0,0,0,0,0,0,0,0,0,0,0,0,0,0,0,0,0,0,0,0,0,0,0,0,0,0,0,0,0,0,0,0,0,0,0,0,0,0,0,0,0,0,0,0,0,0,0,0,0,0,0,0,0,0,0,0,0,0,0,0,0,0,0,0,51846,0,0,0,0,0,0,0,0,0,0,472442,0,0,0,0,0,0,0,0,0,0,15987,0,0,0,0,0,0,0,0,0,0,347950,0,0,0,0,0,0,0,0,0,0,356959,0,0,0,0,0,0,0,0,0,0,428357,0,0,0,0,0,0,0,0,0,0
HEATMAP,60,16592106915301738621,heatmap:POSIX,UNKNOWN,UNKNOWN,0.100000,0,0,0,0,0,0,0,0,0,0,0,0,0,0,0,0,0,0,0,0,0,0,0,0,0,0,0,0,0,0,0,0,0,0,0,0,0,0,0,0,0,0,0,0,0,0,0,0,0,0,0,219535,590582,648059,589824,0,0,0,0,0,0,0,0,0,0,0,0,0,0,0,0,0,0,0,0,0,0,0,0,0,0,0,0,0,0,0,0,0,0,0,0,0,0,0,0,0,0,0,0,0,0,0,0,0,0,0,0,0,0,0,0,0,0,0,0,0,0,0,0,0,0,0,0,0,0,0,0,0,0,0,0,0,0,0,0,0,0,0,0,0,0,0,0,0,0,0,0,0,0,0,0,0,0,0,0,0,0,0,0,18408,24008,25386,27565,17168,2661,20590,1107,0,0,0,8647,0,0,0,0,0,0,0,0,0,0,12587,0,0,0,0,0,0,0,0,0,0,25653,0,0,0,0,0,0,0,0,0,0,24559,0,0,0,0,0,0,0,0,0,0,25345,0,0,0,0,0,0,0,11724,11652,34996,10508,0,23525,30544,33268,17272,22762,21513,4062,6842,22657,28370,0,28396,8959,22203,32204,11862,29835,17974,7468,13266,26898,8093,22512,18850,2597,22364,21403,30547,21091,15552,22492,17844,14910,26310,21979,6277,24246,22504,18698,25463,21789,10495,23743,22053,8664,10838,25830,37109,20553,17590,32377,19553,17526,20268,10450,17152,28001,19465,47833,21899,7495,12452,16585,14577,20778,27333,22656,28463,19759,27926,16638,29090,19901,35827,8025,4519,23898,8390,26711,12809,27545,33026,22250,30751,3626,16225,21380
HEATMAP,61,16592106915301738621,heatmap:POSIX,UNKNOWN,UNKNOWN,0.100000,0,0,0,0,0,0,0,0,0,0,0,0,0,0,0,0,0,0,0,0,0,0,0,0,0,0,0,0,0,0,0,0,0,0,0,0,0,0,0,0,0,0,0,0,0,0,0,0,0,0,0,198421,456939,675840,716800,0,0,0,0,0,0,0,0,0,0,0,0,0,0,0,0,0,0,0,0,0,0,0,0,0,0,0,0,0,0,0,0,0,0,0,0,0,0,0,0,0,0,0,0,0,0,0,0,0,0,0,0,0,0,0,0,0,0,0,0,0,0,0,0,0,0,0,0,0,0,0,0,0,0,0,0,0,0,0,0,0,0,0,0,0,0,0,0,0,0,0,0,0,0,0,0,0,0,0,0,0,0,0,0,13416,22460,29403,12061,1495,1495,17061,19085,26305,20146,0,13872,0,0,0,0,0,0,0,0,0,0,29269,0,0,0,0,0,0,0,0,0,0,14177,0,0,0,0,0,0,0,0,0,0,18499,0,0,0,0,0,0,0,0,0,0,31592,0,0,0,0,0,0,0,22628,19624,18593,17258,0,26322,18939,10149,14121,21452,6900,22741,16802,23953,9796,0,19881,29790,11149,5457,8124,29152,24438,24318,7956,11503,376,21801,14816,21966,4575,23140,8014,16977,34112,23882,24068,4722,24871,12887,15375,18472,15574,21346,14488,37952,15588,9506,24221,39030,31494,18546,31723,14968,16035,17380,5105,12970,22647,26214,18097,2117,6075,33616,21620,28007,9450,13712,22805,39413,9910,35764,39520,9004,57455,23997,27961,17596,24523,13152,24849,22449,24482,28384,20982,29057,2756,23000,31759,5628,12289,32349
HEATMAP,62,16592106915301738621,heatmap:POSIX,UNKNOWN,UNKNOWN,0.100000,0,0,0,0,0,0,0,0,0,0,0,0,0,0,0,0,0,0,0,0,0,0,0,0,0,0,0,0,0,0,0,0,0,0,0,0,0,0,0,0,0,0,0,0,0,0,0,0,0,0,0,196553,548919,663552,638976,0,0,0,0,0,0,0,0,0,0,0,0,0,0,0,0,0,0,0,0,0,0,0,0,0,0,0,0,0,0,0,0,0,0,0,0,0,0,0,0,0,0,0,0,0,0,0,0,0,0,0,0,0,0,0,0,0,0,0,0,0,0,0,0,0,0,0,0,0,0,0,0,0,0,0,0,0,0,0,0,0,0,0,0,0,0,0,0,0,0,0,0,0,0,0,0,0,0,0,0,0,0,0,0,16737,33955,20216,32531,7946,13451,32750,9645,12470,11102,12559,15574,31426,15373,14006,29180,9075,918,918,918,17131,26399,33803,18536,0,0,0,0,0,0,0,0,0,20930,0,0,0,0,0,0,0,0,0,0,35218,0,0,0,0,0,0,0,0,0,0,16143,0,0,0,0,0,0,0,11565,31450,11216,19553,0,15090,2576,26429,21719,17045,15053,18491,5389,24810,16265,0,13924,29504,10290,9385,25523,13254,2649,18506,7702,30623,6747,21682,17738,4026,7859,24260,22757,34894,26167,9962,13681,21042,15094,5501,13766,9310,16901,19600,21666,23029,12333,20719,22802,2212,4198,8377,36570,8398,17003,21814,25342,16049,9053,20911,25141,37998,14513,8660,11876,4796,34010,18348,18829,7859,12867,36260,32732,20406,6908,17747,14951,10077,35743,15311,2690,9261,27864,15762,28304,17352,28341,20233,21326,16370,7032,20051
HEATMAP,63,16592106915301738621,heatmap:POSIX,UNKNOWN,UNKNOWN,0.100000,0,0,0,0,0,0,0,0,0,0,0,0,0,0,0,0,0,0,0,0,0,0,0,0,0,0,0,0,0,0,0,0,0,0,0,0,0,0,0,0,0,0,0,0,0,0,0,0,0,0,0,221706,490975,720919,614400,0,0,0,0,0,0,0,0,0,0,0,0,0,0,0,0,0,0,0,0,0,0,0,0,0,0,0,0,0,0,0,0,0,0,0,0,0,0,0,0,0,0,0,0,0,0,0,0,0,0,0,0,0,0,0,0,0,0,0,0,0,0,0,0,0,0,0,0,0,0,0,0,0,0,0,0,0,0,0,0,0,0,0,0,0,0,0,0,0,0,0,0,0,0,0,0,0,0,0,0,0,0,0,0,1947,19945,22401,15550,14548,35833,9996,3265,14687,26411,0,13035,0,0,0,0,0,0,0,0,0,0,24229,0,0,0,0,0,0,0,0,0,0,23714,0,0,0,0,0,0,0,0,0,0,9161,0,0,0,0,0,0,0,0,0,0,21878,0,0,0,0,0,0,0,18456,16475,8298,12563,0,26002,16183,22301,30962,18897,21894,16402,16944,18883,25007,0,18644,4775,20235,13372,26188,3019,24766,31808,11513,9835,12453,17968,8857,17433,27908,7035,11468,9531,28849,17404,27792,21696,11472,13024,16875,28441,32709,40235,30238,26099,8233,24226,27298,21440,11990,20393,18634,44424,32546,33515,12784,16285,16996,14544,21544,17329,31562,8231,16231,33344,26053,15034,16164,36328,22708,17544,22417,22119,2809,26050,6059,28063,8790,27288,27901,20656,32387,12520,16258,3541,18254,11582,23762,11303,26958,36395
HEATMAP,7,16592106915301738621,heatmap:POSIX,UNKNOWN,UNKNOWN,0.100000,0,0,0,0,0,0,0,0,0,0,0,0,0,0,0,0,0,0,0,0,0,0,0,0,0,0,0,0,0,0,0,0,0,0,0,0,0,0,0,0,0,0,0,0,0,0,0,0,0,0,0,234473,531479,733184,548864,0,0,0,0,0,0,0,0,0,0,0,0,0,0,0,0,0,0,0,0,0,0,0,0,0,0,0,0,0,0,0,0,0,0,0,0,0,0,0,0,0,0,0,0,0,0,0,0,0,0,0,0,0,0,0,0,0,0,0,0,0,0,0,0,0,0,0,0,0,0,0,0,0,0,0,0,0,0,0,0,0,0,0,0,0,0,0,0,0,0,0,0,0,0,0,0,0,0,0,0,0,0,0,0,12887,12420,19033,16117,15118,18818,22244,25153,22222,21009,10163,27132,24168,18591,10218,7609,6011,35365,11136,3251,33306,28814,11391,7881,2357,13305,15532,22484,23915,0,0,0,0,7529,0,0,0,0,0,0,0,0,0,0,11042,0,0,0,0,0,0,0,0,0,0,22995,0,0,0,0,0,0,0,10198,12091,15813,40554,0,19758,8309,17332,43845,24036,25793,12961,18091,20789,6685,0,8694,17621,21004,22745,9166,22954,16114,5406,7277,9065,1881,22561,26312,14321,2716,9209,16514,26783,16469,16822,5278,10294,8196,22415,11555,5953,25190,8194,18025,20534,13488,14964,20958,19053,24694,31354,21630,23898,31706,8545,8420,9733,11238,3329,15786,20544,27825,11599,2345,18388,9316,4300,17943,16617,17014,35331,12419,23459,19886,19185,26318,14536,17084,22645,21844,17306,37907,17656,7755,1997,7382,31409,13743,18850,16146,15715
HEATMAP,8,16592106915301738621,heatmap:POSIX,UNKNOWN,UNKNOWN,0.100000,0,0,0,0,0,0,0,0,0,0,0,0,0,0,0,0,0,0,0,0,0,0,0,0,0,0,0,0,0,0,0,0,0,0,0,0,0,0,0,0,0,0,0,0,0,0,0,0,0,0,0,208896,540672,753664,544768,0,0,0,0,0,0,0,0,0,0,0,0,0,0,0,0,0,0,0,0,0,0,0,0,0,0,0,0,0,0,0,0,0,0,0,0,0,0,0,0,0,0,0,0,0,0,0,0,0,0,0,0,0,0,0,0,0,0,0,0,0,0,0,0,0,0,0,0,0,0,0,0,0,0,0,0,0,0,0,0,0,0,0,0,0,0,0,0,0,0,0,0,0,0,0,0,0,0,0,0,0,0,0,0,19441,16556,19059,16718,31180,35804,21773,18268,15535,8839,606,15430,425,425,425,425,425,425,425,425,1670,12455,22132,31219,9378,22797,26074,8910,8769,36558,4500,4286,8207,23122,11108,11923,23599,13449,19338,7273,12036,17348,34652,19758,4699,13234,14483,0,0,0,0,0,0,0,0,19039,0,0,0,0,0,0,0,20213,22972,18965,18360,0,8322,14803,20056,34241,15098,19319,17058,10385,20206,10974,0,18533,6470,26070,28996,15270,20068,25199,11618,12852,2610,2351,13332,15330,6876,6195,20967,14134,17364,10013,1414,1414,21366,16130,19806,17542,14279,23081,3412,30220,20365,7448,24034,6808,24663,12071,20264,9277,9191,28079,20299,10953,22681,12227,3324,15433,20248,22217,14841,16749,27822,6052,3657,23792,22584,9970,6306,1579,7094,27654,26721,5220,15150,21873,10430,14949,14519,21588,19495,5700,10780,25281,13286,9954,22507,3941,10411
HEATMAP,9,16592106915301738621,heatmap:POSIX,UNKNOWN,UNKNOWN,0.100000,0,0,0,0,0,0,0,0,0,0,0,0,0,0,0,0,0,0,0,0,0,0,0,0,0,0,0,0,0,0,0,0,0,0,0,0,0,0,0,0,0,0,0,0,0,0,0,0,0,0,0,114688,135168,16384,86016,679936,1015808,0,0,0,0,0,0,0,0,0,0,0,0,0,0,0,0,0,0,0,0,0,0,0,0,0,0,0,0,0,0,0,0,0,0,0,0,0,0,0,0,0,0,0,0,0,0,0,0,0,0,0,0,0,0,0,0,0,0,0,0,0,0,0,0,0,0,0,0,0,0,0,0,0,0,0,0,0,0,0,0,0,0,0,0,0,0,0,0,0,0,0,0,0,0,0,0,0,0,0,0,0,0,12497,28843,25035,14857,1420,1420,19231,18268,29939,23641,2475,22753,5385,0,0,0,0,0,0,0,0,0,36192,0,0,0,0,0,0,0,0,0,0,7792,0,0,0,0,0,0,0,0,0,0,20297,0,0,0,0,0,0,0,0,0,0,21479,0,0,0,0,0,0,0,15553,21619,35611,38299,0,29951,11657,9557,3748,25904,25706,12717,2347,10944,23322,0,35109,30560,16217,14027,14912,10342,21166,19875,36684,32977,3459,25612,18521,13819,26576,10035,17162,33827,24034,10546,15608,21774,24863,20462,16495,18145,17166,22494,19767,10784,8020,23111,9039,14755,13062,10722,31622,14200,21272,11191,16671,18690,37774,3915,16040,3077,26858,38898,39567,26415,18615,31272,28240,1914,2073,1914,21568,2716,19784,25563,10691,27188,34014,16992,26233,10395,48901,30620,21823,9357,36811,20434,13727,8841,5424,26512
